country,year,year_cct,cct_name_x,years_edu_all_rural,years_edu_all_urban,years_edu_adult25_65_rural,years_edu_adult25_65_urban,years_edu_male_adult25_65_rural,years_edu_male_adult25_65_urban,years_edu_female_adult25_65_rural,years_edu_female_adult25_65_urban,enrollment3_5yo_rural,enrollment3_5yo_urban,enrollment6_12yo_rural,enrollment6_12yo_urban,enrollment13_17yo_rural,enrollment13_17yo_urban,enrollment18_23yo_rural,enrollment18_23yo_urban,literacy15_24_rural,literacy15_24_urban,literacy25_65_rural,literacy25_65_urban,literacy65_more_rural,literacy65_more_urban,cct_name_y,share_owners_rural,share_owners_urban,share_owners_mean,n_rooms_rural,n_rooms_urban,n_rooms_mean,person_per_room_rural,person_per_room_urban,person_per_room_mean,share_poor_dwellings_rural,share_poor_dwellings_urban,share_poor_dwellings_mean,dwellings_low_quality_rural,dwellings_low_quality_urban,dwellings_low_quality_mean,water_rural,water_urban,water_mean,hygienic_restrooms_rural,hygienic_restrooms_urban,hygienic_restrooms_mean,sewerage_rural,sewerage_urban,sewerage_mean,electricity_rural,electricity_urban,electricity_mean,telephone_rural,telephone_urban,telephone_mean,cct_active
Argentina,2003,2009.0,Asignación Universal por Hijo,,8.0611183,,10.427038,,10.290716,,10.547732,,87.333555,,98.718117,,89.236774,,46.690279,,99.249761,,98.752456,,96.550336,,,,,,,,,,,,,,,,,,,,,,,,,,,,,,,,0
Argentina,2004,2009.0,Asignación Universal por Hijo,,8.1766639,,10.506157,,10.410539,,10.592085,,87.680764,,98.662458,,89.207164,,46.707872,,99.296411,,98.731048,,96.761274,,,,,,,,,,,,,,,,,,,,,,,,,,,,,,,,0
Argentina,2005,2009.0,Asignación Universal por Hijo,,8.2615006,,10.604939,,10.475556,,10.720438,,89.887778,,99.058267,,91.469293,,46.212971,,99.380197,,98.857096,,96.79008,,,,,,,,,,,,,,,,,,,,,,,,,,,,,,,,0
Argentina,2006,2009.0,Asignación Universal por Hijo,,8.3198619,,10.714486,,10.534705,,10.874052,,90.938515,,99.115027,,90.469421,,47.39092,,99.470696,,98.76588,,96.955891,,,,,,,,,,,,,,,,,,,,,,,,,,,,,,,,0
Argentina,2007,2009.0,Asignación Universal por Hijo,,8.4053779,,10.78293,,10.650444,,10.899619,,88.522992,,98.778397,,89.303243,,46.183839,,99.465937,,98.686729,,97.278212,,,,,,,,,,,,,,,,,,,,,,,,,,,,,,,,0
Argentina,2008,2009.0,Asignación Universal por Hijo,,8.4914836,,10.896238,,10.754377,,11.023512,,92.226093,,98.6011,,89.50405,,47.787933,,99.571171,,98.88709,,96.971303,,,,,,,,,,,,,,,,,,,,,,,,,,,,,,,,0
Argentina,2009,2009.0,Asignación Universal por Hijo,,8.5703146,,10.976228,,10.786975,,11.144773,,93.229252,,98.123711,,90.496265,,46.979444,,99.468569,,98.987845,,97.551154,,,,,,,,,,,,,,,,,,,,,,,,,,,,,,,,1
Argentina,2010,2009.0,Asignación Universal por Hijo,,8.6885504,,11.131731,,10.919936,,11.322586,,95.60891,,99.095021,,91.735583,,48.00032,,99.523061,,99.236635,,97.354973,,,,,,,,,,,,,,,,,,,,,,,,,,,,,,,,1
Argentina,2011,2009.0,Asignación Universal por Hijo,,8.7599721,,11.20345,,10.988961,,11.401337,,94.209636,,99.248586,,90.822185,,50.431028,,99.470052,,99.271419,,97.181979,,,,,,,,,,,,,,,,,,,,,,,,,,,,,,,,1
Argentina,2012,2009.0,Asignación Universal por Hijo,,8.8386938,,11.301034,,11.098734,,11.486108,,95.865964,,99.179377,,91.548519,,49.735189,,99.466414,,99.254892,,97.653819,,,,,,,,,,,,,,,,,,,,,,,,,,,,,,,,1
Argentina,2013,2009.0,Asignación Universal por Hijo,,8.8848839,,11.322075,,11.155598,,11.47301,,92.507029,,99.08165,,91.385943,,48.055694,,99.486642,,99.168654,,97.992998,,,,,,,,,,,,,,,,,,,,,,,,,,,,,,,,1
Argentina,2014,2009.0,Asignación Universal por Hijo,,8.9113324,,11.293558,,11.079652,,11.484794,,95.478953,,98.965464,,92.498357,,49.332831,,99.518913,,99.326301,,97.574643,,,,,,,,,,,,,,,,,,,,,,,,,,,,,,,,1
Argentina,2016,2009.0,Asignación Universal por Hijo,,9.0541735,,11.424408,,11.153558,,11.66609,,95.95211,,98.583767,,92.496953,,49.390251,,99.531562,,99.319702,,97.542943,,,,,,,,,,,,,,,,,,,,,,,,,,,,,,,,1
Argentina,2017,2009.0,Asignación Universal por Hijo,,9.1223139,,11.507298,,11.239667,,11.748062,,94.754409,,99.006428,,93.755029,,51.17634,,99.532799,,99.188344,,97.688517,,,,,,,,,,,,,,,,,,,,,,,,,,,,,,,,1
Argentina,2018,2009.0,Asignación Universal por Hijo,,9.2194599,,11.61037,,11.311727,,11.878194,,96.614769,,99.237031,,94.37513,,52.076493,,99.293007,,99.131899,,97.890494,,,,,,,,,,,,,,,,,,,,,,,,,,,,,,,,1
Argentina,2019,2009.0,Asignación Universal por Hijo,,9.3511952,,11.724569,,11.439197,,11.986682,,96.898505,,99.23523,,94.88878,,53.128879,,99.304075,,99.208747,,97.70288,,,,,,,,,,,,,,,,,,,,,,,,,,,,,,,,1
Argentina,2020,2009.0,Asignación Universal por Hijo,,9.2281914,,11.66873,,11.30682,,11.988597,,92.100661,,99.182294,,95.720271,,50.333123,,99.232593,,99.362759,,98.265596,,,,,,,,,,,,,,,,,,,,,,,,,,,,,,,,1
Argentina,2021,2009.0,Asignación Universal por Hijo,,9.4568396,,11.956618,,11.6303,,12.264162,,96.82066,,99.254773,,96.32954,,56.477119,,99.507688,,99.387317,,98.249115,,,,,,,,,,,,,,,,,,,,,,,,,,,,,,,,1
Argentina,2022,2009.0,Asignación Universal por Hijo,,9.5,,11.9,,11.6,,12.2,,98.9,,99.5,,96.3,,53.8,,99.6,,99.5,,98.3,,,,,,,,,,,,,,,,,,,,,,,,,,,,,,,,1
Brazil,1995,2003.0,Bolsa Família,2.1432124,4.6485204,2.7493926,6.2365784,2.653688,6.2977647,2.8506898,6.1823309,18.81171,39.088686,81.184814,92.189082,59.34496,78.932728,17.443082,32.947084,81.733552,95.686832,65.513365,88.528807,34.192966,64.814113,Bolsa Família,70.552725,72.265815,71.93639,5.3812245,5.6246122,5.5777768,0.88676905,0.78417164,0.8039019,0.65313817,1.1297234,1.0380133,16.885912,3.8141445,6.3282928,11.586719,85.438079,71.235035,13.761508,70.940814,59.94373,4.4117753,58.600003,48.17248,62.915861,98.589696,91.728598,3.5253555,26.752564,22.285464,0
Brazil,1996,2003.0,Bolsa Família,2.3038917,4.8138107,2.8987419,6.3914669,2.7870668,6.4444045,3.0151012,6.3446806,18.995706,39.829398,81.826327,92.985171,61.652356,81.443829,18.776898,34.144446,83.361441,96.054682,66.735641,89.324404,36.954701,65.723337,Bolsa Família,71.37947,74.142402,73.619745,5.436196,5.6611145,5.6185706,0.87176553,0.77539747,0.79362758,0.50686034,1.0798769,0.97148954,16.123826,4.3245103,6.5565521,15.702222,87.825964,74.182816,18.157443,74.256422,63.644874,5.4807642,61.627778,51.007443,66.942201,98.915038,92.867095,4.5245739,30.284505,25.412164,0
Brazil,1997,2003.0,Bolsa Família,2.3204565,4.9014163,2.8670183,6.4985548,2.7536881,6.5276263,2.988061,6.4726453,24.770391,41.961145,85.974662,93.649793,69.10548,83.101399,19.638424,35.117964,83.63363,96.128739,65.494552,89.455219,36.155116,65.781447,Bolsa Família,71.329044,74.293286,73.734326,5.4294272,5.6545254,5.6120912,0.85143885,0.76478772,0.78112691,0.66459795,1.1609916,1.0674145,15.133285,3.5543791,5.7378426,14.931322,87.454966,73.778615,14.877818,73.532802,62.472046,4.7213671,61.321855,50.651881,68.817801,99.056926,93.354139,4.9450886,33.204062,27.874634,0
Brazil,1998,2003.0,Bolsa Família,2.4593811,5.0876263,3.0278056,6.6587273,2.8900055,6.6932236,3.174819,6.6281076,25.28459,42.182996,89.360326,94.858636,73.516967,85.392828,24.809333,37.545599,85.850858,96.690547,67.474175,90.135039,36.948168,67.168326,Bolsa Família,73.168407,74.20002,74.00657,5.4391862,5.7059372,5.6558528,0.84515161,0.74063936,0.76024125,0.72518213,0.89621186,0.86409985,15.237938,3.3736985,5.5985843,17.298736,88.569079,75.202381,15.774654,75.015155,63.905794,6.1671792,63.334301,52.600783,72.778247,99.137016,94.193812,6.5271091,37.896363,32.011995,0
Brazil,1999,2003.0,Bolsa Família,2.6417076,5.2039153,3.1352999,6.7432378,3.015831,6.7266922,3.2613757,6.757945,27.179409,44.802606,91.802745,95.660421,77.046798,86.734265,27.172448,39.388947,87.564356,97.011493,68.451597,90.493144,37.136574,67.51924,Bolsa Família,73.155096,74.428144,74.191055,5.4997537,5.6926278,5.6566941,0.82545293,0.72924455,0.74716245,0.45721128,0.72757512,0.67720457,14.002569,3.025711,5.069716,19.05239,89.18794,76.126844,16.339913,75.693375,64.640925,5.7186172,63.497508,52.732924,75.436121,99.186252,94.76296,7.9902663,44.339365,37.568225,0
Brazil,2001,2003.0,Bolsa Família,2.6844037,5.4294566,3.029748,6.9426803,2.8409051,6.901712,3.2345917,6.979193,28.932743,48.784373,93.160343,96.301367,79.456438,88.195447,28.393644,38.587312,87.952949,97.248802,68.612829,90.614218,40.238002,68.272845,Bolsa Família,71.940146,73.694938,73.434905,5.4671543,5.6835831,5.6514589,0.81160262,0.71982771,0.73342684,0.67497219,0.83903703,0.81468516,13.58653,2.7582298,4.3626959,16.282998,88.51494,77.811297,14.865636,75.782718,66.757172,4.2565478,63.29458,54.531663,77.62953,99.215119,96.016528,15.174381,66.54516,58.935411,0
Brazil,2002,2003.0,Bolsa Família,2.8622587,5.6030651,3.1981791,7.1230087,3.0131719,7.0616223,3.4010778,7.1774238,29.378818,50.535356,93.624395,96.609157,80.879495,88.705017,28.670929,38.509475,89.69185,97.532494,69.476977,91.055687,39.889246,69.631845,Bolsa Família,72.768854,73.851802,73.695704,5.5511805,5.7890898,5.7547329,0.7884462,0.69373968,0.70739165,0.65194286,0.75870133,0.74328416,11.952956,2.4485829,3.8186432,18.344284,89.325592,79.094588,17.131,76.66415,68.083839,5.0457844,64.595763,55.996051,80.181746,99.426994,96.652996,19.271598,68.746579,61.615178,0
Brazil,2003,2003.0,Bolsa Família,3.0460503,5.7656433,3.3674067,7.2759024,3.1545459,7.2180897,3.5999663,7.3270112,31.030576,51.477809,93.697588,96.948103,81.856432,89.151274,29.163135,38.46078,90.51211,97.742188,69.973294,91.408503,40.63577,69.456364,Bolsa Família,73.52265,73.750672,73.717939,5.6009519,5.8072526,5.7776005,0.76667173,0.67827242,0.69096415,0.61897103,0.79072282,0.7660365,11.165716,2.4186274,3.6743794,20.04346,89.610323,79.623812,18.300409,77.333699,68.860091,4.9439072,65.360978,56.67708,81.921384,99.504184,96.980098,21.823243,68.671625,61.94622,1
Brazil,2004,2003.0,Bolsa Família,3.1384228,5.8979542,3.4838027,7.4363337,3.2717149,7.3447838,3.7160342,7.5170591,33.130213,55.744023,94.005805,97.035497,80.221386,89.218613,27.841241,36.937942,91.526625,97.913997,71.292232,91.554438,42.079578,70.520058,Bolsa Família,74.734303,73.528216,73.716362,5.4545065,5.7822244,5.7309807,0.80201068,0.67125769,0.69165273,0.76294884,0.63070456,0.65138294,13.057754,2.4648754,4.1173973,20.408398,90.37742,79.462423,19.480112,77.8102,68.710385,5.1726633,65.78784,56.309746,81.507163,99.585301,96.765107,25.52157,72.50933,65.180071,1
Brazil,2005,2003.0,Bolsa Família,3.2816065,6.0407217,3.6329876,7.5793051,3.3747751,7.4955972,3.9159375,7.6532918,34.735471,57.518157,94.792314,97.456024,81.003872,89.273734,27.442623,36.288103,92.57286,98.076993,72.070313,91.930426,42.686974,71.035438,Bolsa Família,74.726158,73.222982,73.45929,5.4373833,5.8125762,5.7535222,0.79534918,0.65399885,0.67621992,0.68389805,0.56977876,0.58774073,12.2614,2.0467244,3.6525405,21.411432,90.506887,79.644691,19.686767,78.689895,69.41427,5.1443869,66.040666,56.455809,83.469462,99.634816,97.093513,32.25203,78.661814,71.365856,1
Brazil,2006,2003.0,Bolsa Família,3.4381604,6.2247019,3.8418371,7.8061852,3.5811295,7.7044677,4.1292323,7.8962178,39.035305,61.428933,95.540031,97.857787,81.950372,89.549998,27.728077,36.553658,93.613806,98.361924,73.301879,92.570307,44.743488,72.689557,Bolsa Família,75.113442,73.035412,73.357591,5.4785535,5.8419532,5.7854432,0.77396247,0.64173374,0.66223493,0.78428619,0.49647914,0.54123414,10.77287,2.1485281,3.4857366,22.112913,91.63273,80.85434,21.25518,79.305115,70.304764,5.6071134,66.655469,57.162236,86.071277,99.708742,97.594314,37.897942,80.929829,74.258466,1
Brazil,2007,2003.0,Bolsa Família,3.5886093,6.324574,4.0201456,7.9460416,3.7567314,7.8310603,4.3094988,8.0476715,43.248266,63.437487,96.34593,97.689446,83.662519,89.763086,26.957979,35.922569,94.547952,98.447986,74.715245,92.935891,44.197514,73.858708,Bolsa Família,76.257178,73.58081,73.99462,5.453534,5.7655663,5.7172591,0.75975706,0.63756391,0.65645693,0.63379615,0.67765946,0.67086877,10.757818,2.1532083,3.4836191,24.030922,91.951019,81.449481,24.598731,82.22342,73.313717,6.6792443,68.475695,58.908691,89.070615,99.781449,98.125382,41.91851,83.108481,76.73985,1
Brazil,2008,2003.0,Bolsa Família,3.7363312,6.4815591,4.25546,8.1370638,3.9148973,8.0131329,4.6268533,8.2463595,45.622053,65.685583,96.987998,98.146649,85.857544,90.655064,26.113481,35.455037,94.650054,98.47591,75.060555,93.199766,44.477519,74.169943,Bolsa Família,76.40823,74.061026,74.421919,5.5300632,5.888744,5.8335326,0.7188303,0.60858354,0.62553447,0.69713396,0.58489351,0.60217058,9.2700325,2.1104351,3.2112553,26.542862,92.298388,82.188181,25.332191,81.783686,73.104015,7.2637673,68.574466,59.136969,91.398435,99.821747,98.526625,50.540868,87.638084,81.93422,1
Brazil,2009,2003.0,Bolsa Família,3.8555969,6.5990085,4.4374955,8.2919712,4.143192,8.1651762,4.7606695,8.403976,50.109128,67.015444,97.212721,98.125695,87.594904,91.232916,27.123919,35.243383,95.464115,98.566579,76.2777,93.483964,45.082322,74.107913,Bolsa Família,76.80708,73.059357,73.631231,5.5450731,5.8349651,5.7907165,0.7010219,0.60679416,0.6211726,0.47513495,0.60070086,0.58153468,8.9863358,1.8587677,2.9463801,28.729011,92.686082,82.926722,26.15381,80.523473,72.227078,7.0615785,68.407354,59.043634,93.332725,99.85168,98.856938,54.449287,89.502051,84.153267,1
Brazil,2011,2003.0,Bolsa Família,3.9221131,6.7617338,4.4808599,8.4560135,4.1013396,8.2715711,4.8876985,8.6199623,51.559052,69.74022,97.779352,98.624431,88.063881,91.231004,25.960314,34.289739,96.376254,98.857255,78.259851,94.408458,49.095674,76.383936,Bolsa Família,78.860874,74.140644,74.794561,5.5900193,5.7668853,5.7423932,0.68711719,0.59456363,0.60738553,0.413223,0.71688875,0.67483759,10.182595,2.4375037,3.5104695,28.072951,92.508856,83.582231,29.35305,84.882702,77.189904,6.9713298,71.398877,62.477052,95.784948,99.898571,99.328691,66.154175,93.707511,89.890411,1
Brazil,2012,2003.0,Bolsa Família,4.1161905,6.9544338,4.7170894,8.739488,4.3956484,8.5755581,5.0698436,8.8893309,83.15038,90.052038,98.062326,98.503227,88.958062,92.535973,25.198541,36.242171,96.34785,98.974383,78.591447,94.668431,47.403843,76.71434,,,,,,,,,,,,,,,,,,,,,,,,,,,,,,,,1
Brazil,2013,2003.0,Bolsa Família,4.2477184,7.0862732,4.87208,8.8916927,4.5090538,8.7215221,5.2766278,9.0469203,84.059072,92.018014,98.24955,98.756887,90.065023,92.887165,25.92032,35.949377,97.03158,99.046327,79.490708,94.922446,48.62807,77.964086,,,,,,,,,,,,,,,,,,,,,,,,,,,,,,,,1
Brazil,2014,2003.0,Bolsa Família,4.4495344,7.201568,5.1393314,9.0428831,4.7371964,8.8167892,5.5828547,9.2498124,88.670721,91.91672,98.651879,98.898085,90.451731,92.846323,25.852382,37.594845,97.37921,99.090435,80.489151,95.288575,49.631715,78.437143,,,,,,,,,,,,,,,,,,,,,,,,,,,,,,,,1
Brazil,2015,2003.0,Bolsa Família,4.5922463,7.3240541,5.3640439,9.2053764,4.9499938,9.0001638,5.8175306,9.3933363,87.126373,92.867635,98.879696,99.042894,90.473862,93.691639,25.320619,36.621812,97.333587,99.05951,81.528195,95.498799,50.355898,79.247103,,,,,,,,,,,,,,,,,,,,,,,,,,,,,,,,1
Brazil,2016,2003.0,Bolsa Família,4.6783579,7.4288889,5.4599911,9.324335,5.0452683,9.1028396,5.9140348,9.5275665,92.688779,94.931332,99.158662,99.356921,91.178502,94.238313,23.890472,37.690659,98.063408,99.246685,82.17662,95.856972,52.207235,80.89459,Bolsa Família,79.91379,71.70375,72.822287,5.5468532,5.8670103,5.8233921,0.64114945,0.55861485,0.56985937,0.06216991,0.25341805,0.22736238,8.9854467,2.5051293,3.3880086,64.688791,98.637096,94.011974,81.310915,97.774189,95.531231,8.6041386,74.776999,65.7616,98.490777,99.962492,99.761985,80.91992,96.541068,94.412841,1
Brazil,2017,2003.0,Bolsa Família,4.7715578,7.5381778,5.5961885,9.4661359,5.1468051,9.2410173,6.0959944,9.672213,93.740135,95.234854,99.31153,99.281726,91.417173,94.429672,23.91844,37.81883,97.978024,99.337207,83.057587,95.915436,52.787684,81.223393,Bolsa Família,79.802176,71.150688,72.309073,5.5370975,5.8411219,5.8004148,0.63902337,0.55973051,0.57034737,0.06431201,0.21371256,0.19370869,9.2482907,2.9776151,3.8172224,64.617503,98.346695,93.830551,80.234242,97.938114,95.567668,7.2152648,74.958153,65.887771,98.589561,99.943244,99.761994,81.754759,96.626263,94.635055,1
Brazil,2018,2003.0,Bolsa Família,4.9448807,7.6923848,5.8068933,9.6794484,5.3626878,9.4326459,6.296472,9.9058103,94.839668,95.580319,99.053866,99.398526,92.045467,95.199287,23.961101,38.526149,97.850748,99.258311,83.694728,96.170167,55.481201,82.135814,Bolsa Família,79.616762,69.892109,71.208117,5.5343214,5.877223,5.8308191,0.63879972,0.54927264,0.56138807,0.04642173,0.18290878,0.1644384,8.5012338,2.7636367,3.5400885,66.499754,98.669256,94.315854,80.543408,97.645989,95.331548,7.2932256,75.351451,66.141335,98.613426,99.896142,99.722556,83.043922,96.799637,94.938117,1
Brazil,2019,2003.0,Bolsa Família,4.9791445,7.7866007,5.9318068,9.761841,5.4342647,9.503206,6.4844963,9.9993392,93.561081,95.387461,99.346541,99.527442,91.844932,95.381429,24.565334,38.386974,98.087902,99.265481,84.152733,96.281214,54.849964,83.070771,Bolsa Família,79.221685,69.992958,71.2035,5.5344035,5.8820877,5.8364816,0.63640099,0.5434569,0.55564846,0.02585608,0.21158497,0.18722273,8.3564232,2.4595382,3.2330385,66.371667,98.593416,94.366857,81.670382,97.152525,95.121717,9.5995869,76.458533,67.688579,98.629801,99.925699,99.755715,84.031908,96.916455,95.226376,1
Brazil,2020,2003.0,Bolsa Família,5.3440762,7.9697145,6.4100045,10.033252,5.9074779,9.7665866,6.9633173,10.278438,84.61094,86.59728,99.21906,99.277777,94.27157,96.889436,25.64112,39.074891,98.475844,99.366128,87.228518,96.982259,59.356318,84.91794,,,,,,,,,,,,,,,,,,,,,,,,,,,,,,,,1
Brazil,2021,2003.0,Bolsa Família,5.3529303,8.0321873,6.4473649,10.129007,5.9737715,9.8899765,6.9786132,10.348607,80.320132,79.659077,98.572147,98.740545,95.696053,97.150836,27.354757,39.456886,98.755173,99.364116,87.578701,97.066704,61.377331,86.174555,,,,,,,,,,,,,,,,,,,,,,,,,,,,,,,,1
Brazil,2022,2003.0,Bolsa Família,5.2590834,8.0235844,6.3095295,10.089915,5.8343817,9.8269054,6.8401644,10.332086,94.825377,95.090093,99.08895,99.210548,93.75929,96.219896,23.077699,35.536962,98.036764,99.302323,86.342352,96.719529,59.549242,85.131938,Bolsa Família,80.172385,68.28659,69.789309,5.6057307,5.8010767,5.7763791,0.59433335,0.53367711,0.54134587,0.01881779,0.17071472,0.15151041,8.6545941,2.6698335,3.4264858,68.551034,98.671694,94.863544,84.636768,97.325135,95.720947,9.0292751,77.8702,69.166653,99.015714,99.889891,99.779369,90.194192,97.827024,96.862007,1
Chile,1987,2002.0,Chile Solidario,4.5016366,7.1705264,5.3107923,9.1165857,5.3800664,9.4973413,5.2367453,8.7912114,9.2588376,35.209943,91.992943,97.257849,65.5843,89.957252,8.5353076,32.69875,95.793159,98.642891,84.220448,96.154083,59.880066,86.184192,Chile Solidario,57.446385,62.917383,61.921992,4.4693583,5.7647445,5.5290532,1.1927438,0.8107721,0.88085705,22.482607,11.409233,13.423838,51.1902,22.055102,27.355719,30.434699,96.87636,84.845672,11.998277,85.871443,72.431523,4.012058,83.104701,68.71519,44.070578,92.146604,74.30313,,,,0
Chile,1990,2002.0,Chile Solidario,4.8288586,7.2928774,5.9614724,9.566399,6.0096369,9.8919901,5.9088506,9.2862379,10.387079,35.995091,92.43285,97.876566,63.14586,88.403159,10.859562,34.120085,96.273509,98.94858,86.0742,96.932157,62.065385,87.733376,Chile Solidario,,,,4.3347064,5.2306248,5.0664302,1.1203176,0.90409375,0.94372101,16.03997,12.679423,13.295631,43.431562,18.223215,22.843139,45.997468,97.608445,88.149722,19.126742,86.924139,74.498936,4.1445947,83.904091,69.286599,62.892651,98.846714,92.257427,,,,0
Chile,1992,2002.0,Chile Solidario,4.6904935,6.8456016,5.7413794,8.9793979,5.8150518,9.1753994,5.6645653,8.8119449,13.884672,38.044387,93.035314,98.140747,68.017012,89.910744,15.471765,39.094225,96.951252,99.107047,87.147246,96.997396,59.26159,87.263065,,,,,,,,,,,,,,,,,,,,,,,,,,,,,,,,0
Chile,1996,2002.0,Chile Solidario,4.9482319,7.6227419,6.0696081,10.087216,6.0640856,10.373124,6.0756008,9.8326169,17.984312,44.511255,94.169075,98.979311,77.11942,91.109333,20.020772,43.00999,97.55595,99.160724,87.278278,97.240853,60.768474,87.688826,Chile Solidario,52.964375,64.84364,63.002402,4.2681741,5.4929359,5.3040895,1.1135503,0.81351443,0.85977705,8.0979013,3.5577593,4.2614632,40.747063,11.133618,15.723437,49.982736,98.546034,91.018917,21.017678,90.518678,79.746301,4.3748089,87.395182,74.527357,74.767206,99.441775,95.617315,,,,0
Chile,1998,2002.0,Chile Solidario,5.1263842,7.8059289,6.2534925,10.335039,6.2461791,10.580507,6.2613221,10.117184,21.707049,45.97572,95.909082,98.916659,78.661422,91.118872,21.356152,43.821328,96.994156,99.100977,87.252656,97.405287,57.082141,89.151078,Chile Solidario,56.470961,66.579891,65.166593,4.0386279,5.394088,5.2057172,1.2712384,0.8444525,0.90375727,6.7177828,3.030319,3.545852,40.000459,10.136082,14.310829,52.184316,98.962984,92.423002,24.655568,91.945189,82.537634,5.0501383,89.071482,77.324716,82.314483,99.667146,97.241124,7.8831183,62.485337,54.852171,0
Chile,2000,2002.0,Chile Solidario,5.3699715,8.020675,6.5019414,10.639535,6.4935324,10.880766,6.510909,10.422748,23.518493,49.738015,96.65208,98.905647,82.598661,93.67821,23.60513,43.395724,98.097468,99.245023,89.056134,97.819471,64.483171,90.422675,Chile Solidario,54.608928,66.85902,65.228013,4.1594517,5.5418463,5.358868,1.1779027,0.79817081,0.84843336,9.5643637,2.7439711,3.6520546,33.568614,7.844563,11.268526,58.551793,99.007079,93.620765,31.825129,94.244624,85.933942,4.0764625,91.076454,79.493066,86.329143,99.793888,98.00116,28.940914,74.449451,68.390493,0
Chile,2003,2002.0,Chile Solidario,5.7882699,8.3476455,6.9516472,10.847908,7.0110196,11.063742,6.8889265,10.653169,33.93996,55.147623,97.727563,99.271624,88.136483,95.122163,25.024349,46.352416,98.253379,99.231231,89.873249,97.639232,64.682689,89.588426,Chile Solidario,60.964909,66.236961,65.552111,4.3990486,5.5693886,5.4180217,1.0647136,0.76677145,0.80530605,4.4763935,2.1353944,2.439495,28.410319,7.3930341,10.123223,68.960279,99.281691,95.342877,41.055227,94.830733,87.845184,5.8826051,91.57693,80.445061,93.279632,99.693505,98.860329,59.772442,86.350452,82.897888,1
Chile,2006,2002.0,Chile Solidario,6.2739997,8.4756612,7.5077371,10.791511,7.4894872,11.001525,7.5261891,10.602867,43.305965,65.861286,98.164596,99.031782,90.919794,94.515068,27.886802,46.504237,98.364616,99.216099,91.141885,97.834752,67.435101,89.059791,Chile Solidario,60.940445,66.950797,66.161848,4.7082569,5.6219327,5.5024438,0.93341785,0.74608257,0.77058194,2.844521,1.5090925,1.6843876,25.031136,7.6039087,9.8913046,76.368446,99.336844,96.325024,54.648879,96.808714,91.27886,10.880886,93.296844,82.486834,96.410445,99.814949,99.368108,79.71772,93.107586,91.350556,1
Chile,2009,2002.0,Chile Solidario,6.6056748,8.7533395,7.9955861,11.081901,7.9821362,11.253962,8.0091739,10.931303,45.347233,69.23535,98.466353,99.172903,94.051945,95.629711,32.391381,48.028439,98.987671,99.408694,92.971382,98.014058,70.8854,90.770295,Chile Solidario,61.435068,65.341852,64.821049,4.8008764,5.5995572,5.4934146,0.85660828,0.70952191,0.72906931,1.8806015,0.77728697,0.92436694,21.847883,6.8944278,8.8878339,80.120228,99.504964,96.920836,65.92218,97.7221,93.482936,18.605478,94.1582,84.086464,97.80333,99.869036,99.593662,87.067538,95.554612,94.42457,1
Chile,2011,2002.0,Chile Solidario,6.7946359,8.889947,8.1833584,11.227601,8.2084133,11.381628,8.1585374,11.096317,58.473205,73.933032,99.073474,99.283682,94.974839,96.496144,33.79958,51.130449,99.207135,99.434249,93.533388,98.011618,73.164777,91.89646,Chile Solidario,58.349157,63.758441,63.058151,5.4743646,6.0577889,5.9820197,0.65872064,0.58973071,0.59869042,3.7498231,1.0316445,1.3835418,12.498425,4.6894301,5.700388,79.224188,99.457153,96.83778,65.753938,99.16325,94.838058,18.861554,97.905651,87.672548,97.781241,99.856911,99.588193,93.394265,97.503951,96.971908,1
Chile,2013,2002.0,Chile Solidario,6.9357382,9.0856285,8.4499593,11.600369,8.3811617,11.747815,8.5165464,11.47519,64.211098,78.38053,99.137772,99.477389,95.833882,96.234277,39.177708,56.950078,98.454841,99.138408,92.955554,97.683491,72.449129,91.913411,Chile Solidario,62.595766,62.385792,62.412862,5.5033214,6.0211376,5.9543354,0.63031317,0.57914312,0.58574444,1.5384276,0.87666005,0.96197677,10.209255,3.897488,4.7106129,85.153253,99.740002,97.860556,72.313355,99.051208,95.607126,15.116,96.734425,86.22122,98.009404,99.823447,99.589594,95.455591,98.464889,98.07759,1
Chile,2015,2002.0,Chile Solidario,7.3139648,9.2884993,9.0419039,11.846871,8.9635857,11.981044,9.1173043,11.733664,68.925996,80.683725,99.441551,99.494051,96.604931,97.53398,47.695227,58.318809,99.204242,99.373205,94.644711,98.257935,76.914679,92.269838,Chile Solidario,65.653867,61.854041,62.349177,3.6416212,3.9848737,3.9401638,0.95864861,0.86098459,0.8737057,1.7387402,1.2417498,1.3065101,10.077209,3.7601979,4.5833353,86.350348,99.694611,97.955788,78.757938,99.189901,96.527516,16.569453,97.28925,86.771066,98.633515,99.876858,99.714844,96.509629,98.773304,98.478382,1
Chile,2017,2002.0,Chile Solidario,7.5076289,9.5414423,9.3213821,12.084078,9.2209615,12.165564,9.4182014,12.014509,68.995504,80.106876,99.610316,98.886174,98.326118,97.733013,48.316134,59.411929,98.729472,99.045684,94.112279,97.683495,77.916211,92.593224,Chile Solidario,63.334761,58.694249,59.281379,3.7938657,3.9893554,3.9646064,0.89884653,0.8273393,0.83639213,1.9591206,1.5051535,1.5625906,9.9678751,4.0026054,4.7570731,80.084173,99.779251,97.288078,71.314868,98.765958,95.297142,16.86008,97.038101,86.906525,98.556077,99.81541,99.656112,96.089334,98.507713,98.201736,1
Chile,2020,2002.0,,,,,,,,,,,,,,,,,,,,,,,,Chile Solidario,71.459189,60.550306,61.770487,2.7525649,2.6585411,2.6690823,1.1809497,1.2000064,1.1978699,7.1064244,3.9637985,4.3153076,,,,81.284454,99.123626,97.128756,78.275453,98.701247,96.416581,27.069077,96.909916,89.098078,,,,,,,1
Chile,2022,2002.0,Chile Solidario,8.2777648,10.177158,10.309608,12.862986,10.123658,12.88726,10.511448,12.839276,63.676728,76.089604,99.282955,99.255994,98.835864,98.721077,54.856019,63.311583,98.931176,99.350325,95.319353,98.497605,82.404226,93.410298,Chile Solidario,63.375276,56.200259,57.024707,2.7637227,2.57262,2.5946064,1.0854526,1.1560576,1.1479345,0.72377437,0.58776472,0.60339295,11.122,3.6613483,4.5186167,80.798838,99.014397,96.921333,83.227337,98.695232,96.917889,14.198911,95.977284,86.580516,98.470374,99.809799,99.655892,82.510776,91.43127,90.406258,1
Mexico,1989,1997.0,,,,,,,,,,,,,,,,,,,,,,,,Progresa/Oportunidades/Prospera,87.803663,66.918215,74.252744,3.5181903,4.7887432,4.3403707,1.8916186,1.1834253,1.4333436,0.0,0.33061525,0.21394258,74.805172,31.46804,46.758316,58.762006,93.798939,81.43456,17.223982,69.681551,51.169506,7.0590022,63.004377,43.261501,76.946092,98.840764,91.11423,2.5767113,30.361921,20.556643,0
Mexico,1992,1997.0,Progresa/Oportunidades/Prospera,3.4615072,6.4681528,3.0603216,7.4108269,3.4871081,8.0154048,2.6491063,6.8831016,,,89.073285,95.937703,45.98511,70.463446,7.9893922,30.849463,92.122672,98.039376,70.983459,92.565303,36.687963,70.430145,Progresa/Oportunidades/Prospera,87.610985,73.199491,76.677267,3.3728242,4.6765313,4.3608454,1.9315194,1.1583469,1.3455666,0.00891587,0.24347283,0.18686963,82.768708,33.840597,45.675985,50.461988,90.017637,80.472083,9.9105082,64.784728,51.497223,2.7925872,58.73259,45.187011,76.047298,98.584698,93.145981,0.42995062,31.023077,23.615112,0
Mexico,1994,1997.0,Progresa/Oportunidades/Prospera,3.5315113,6.6142037,3.2780435,7.640177,3.6215976,8.1512723,2.9524013,7.1902957,,,93.202867,96.611804,47.480562,71.62864,7.6558429,29.724738,92.287404,98.071999,72.517829,91.871368,42.623606,69.119705,Progresa/Oportunidades/Prospera,85.032708,73.157023,75.980698,3.568886,4.819963,4.5203758,1.762259,1.1121581,1.2678335,0.06881381,0.13968625,0.12283495,78.566049,30.3293,41.796585,54.135462,91.91039,82.928668,10.58233,64.739895,51.771139,10.569177,64.676888,51.72007,82.358863,99.25589,95.238294,0.74253468,37.145955,28.428668,0
Mexico,1996,1997.0,Progresa/Oportunidades/Prospera,3.8657345,6.9087924,3.832576,8.0509804,4.1708342,8.6208548,3.5221252,7.5599631,,,94.828138,97.342928,49.939168,74.803636,7.5482284,32.382001,91.659079,98.119469,74.911961,92.941029,40.141808,71.042193,Progresa/Oportunidades/Prospera,88.305741,72.323739,76.068436,3.6751684,4.8697563,4.5887688,1.7180358,1.0328065,1.1939842,0.00209968,0.14579248,0.11212424,76.173985,28.722284,39.835714,61.823851,93.460686,86.04795,13.561817,66.49186,54.04181,6.9270975,62.041165,49.077395,86.345106,99.076735,96.093624,2.5804353,37.631063,29.386557,0
Mexico,1998,1997.0,Progresa/Oportunidades/Prospera,3.9636491,7.0313322,3.8256157,8.1962331,4.0483842,8.769574,3.6260302,7.6918783,,,94.838723,96.802876,52.976408,74.273368,8.4226476,33.713505,90.962114,98.26357,75.05385,93.112412,44.850539,72.186951,Progresa/Oportunidades/Prospera,85.758625,70.549178,74.209978,3.6834315,4.9142412,4.6187999,1.5592887,0.98112357,1.1199053,0.04302454,0.11223843,0.09557917,77.371797,27.291912,39.343862,62.786061,95.00742,87.25198,15.637594,70.686207,57.47244,6.8985831,64.255365,50.487548,86.369039,99.17507,96.092755,3.5699891,40.017962,31.269058,1
Mexico,2000,1997.0,Progresa/Oportunidades/Prospera,4.1098471,7.4177206,4.0391252,8.7441739,4.3754634,9.2949412,3.7431653,8.2519256,,,95.407924,97.206831,56.786618,78.108928,12.181019,38.16208,93.398903,98.531279,75.35447,94.493069,45.274787,73.021413,Progresa/Oportunidades/Prospera,86.792179,71.005332,74.530796,3.9357157,5.0394465,4.7926208,1.4002433,0.90636952,1.0168138,0.0,0.17685468,0.1373601,70.950027,24.859049,35.151345,75.186582,95.819248,91.211632,17.475198,72.630163,60.295936,6.2401782,66.754458,53.221735,93.055972,99.430718,98.007132,8.8673046,48.911106,39.956167,1
Mexico,2002,1997.0,Progresa/Oportunidades/Prospera,4.4469863,7.427026,4.4024293,8.6431287,4.603773,9.1423652,4.2277807,8.2153485,,,96.642484,97.907621,64.409584,78.631481,13.299432,40.293204,94.870016,98.443532,77.255743,94.644618,47.717197,70.762592,Progresa/Oportunidades/Prospera,86.047423,68.547001,72.581246,4.035609,5.0397105,4.8073277,1.2554491,0.91420644,0.99318144,0.06956324,0.17432372,0.15017405,71.966639,24.350355,35.39458,70.246148,95.831535,89.933523,18.789424,70.783769,58.750534,8.9243236,66.282614,53.035777,92.459229,99.526178,97.897085,18.063297,61.691753,51.634403,1
Mexico,2004,1997.0,Progresa/Oportunidades/Prospera,4.8721649,7.4431009,5.1077745,8.7546647,5.4399767,9.1718693,4.8212324,8.3940662,,,98.40917,98.231863,68.093307,77.672162,19.418141,37.134726,94.114301,98.200228,81.684861,94.15646,56.071232,76.606382,Progresa/Oportunidades/Prospera,82.382591,67.318179,70.70782,4.205633,4.9506655,4.7845809,1.1713314,0.90809224,0.9667742,,,,62.778393,28.067036,35.891639,74.065535,92.342953,88.230353,36.692076,73.573458,65.352372,20.349752,67.877198,57.283038,95.868543,99.390082,98.597701,31.378293,68.642988,60.258064,1
Mexico,2005,1997.0,Progresa/Oportunidades/Prospera,5.1175255,7.5531581,5.4259123,8.8462398,5.7673423,9.298097,5.1217565,8.4540742,,,97.099399,98.365827,69.032172,77.670497,22.754638,39.727978,95.551728,98.468466,83.32013,94.195862,52.622052,75.91632,Progresa/Oportunidades/Prospera,83.545576,67.790689,71.276481,4.2921184,4.9798698,4.8270009,1.154106,0.90325807,0.95901491,,,,58.946653,25.232245,32.697459,74.985207,94.887092,90.483771,33.24696,73.829314,64.808934,20.259297,69.227678,58.343307,96.564457,99.605581,98.932728,40.039195,74.739723,67.062181,1
Mexico,2006,1997.0,Progresa/Oportunidades/Prospera,5.2056277,7.66505,5.5634065,9.0487135,5.8726803,9.4957031,5.3094478,8.6686638,,,97.983231,97.999382,70.031568,79.380286,17.569511,39.144843,95.386892,98.597076,83.928067,94.093506,56.421118,77.419049,Progresa/Oportunidades/Prospera,80.375451,66.448997,69.545001,4.2896248,4.9704597,4.8191171,1.1208488,0.89362125,0.94413158,,,,59.759485,25.087203,32.816856,76.02578,94.077212,90.064181,34.407466,72.820571,64.281734,21.032692,68.463588,57.92019,97.044254,99.705865,99.11416,44.604258,78.354735,70.851633,1
Mexico,2008,1997.0,Progresa/Oportunidades/Prospera,4.8125205,7.5051325,5.2597144,9.1276248,5.4835102,9.4630219,5.0595998,8.8333871,66.320608,70.85868,97.347586,98.559617,67.180332,79.661934,17.043095,39.449925,96.374324,98.838818,82.929543,95.551868,53.045079,79.577611,Progresa/Oportunidades/Prospera,84.122748,66.532,70.300998,4.0866809,5.0022038,4.8059214,1.222624,0.87431946,0.94899377,0.03926402,0.28675279,0.23354642,66.256266,23.344082,32.535943,69.194339,93.731926,88.475971,25.897097,74.768188,64.290531,14.393722,69.4347,57.634258,95.935502,99.725953,98.914037,44.307466,82.470316,74.295826,1
Mexico,2010,1997.0,Progresa/Oportunidades/Prospera,5.1438252,7.7370272,5.79764,9.4374986,6.0371327,9.8006286,5.5784515,9.1219088,72.325973,71.76239,96.730168,98.793316,66.799169,80.120459,19.651607,42.608324,96.643883,98.814644,84.653196,95.734104,53.664168,80.859348,Progresa/Oportunidades/Prospera,84.678693,65.743818,69.788595,4.2166907,5.0340554,4.8588375,1.1359706,0.83802454,0.90189505,0.14553453,0.33913853,0.29768828,58.879488,22.078793,29.940204,78.270933,95.793649,92.037316,28.569323,74.82527,64.909412,14.919116,70.189848,58.341497,97.518062,99.703549,99.236696,52.026109,84.426005,77.504895,1
Mexico,2012,1997.0,Progresa/Oportunidades/Prospera,5.2590904,7.9280336,5.9347219,9.619581,6.1403849,9.9207193,5.74555,9.3484976,74.610473,73.972802,98.410624,99.140055,71.527207,80.998413,20.579923,42.92666,97.498091,99.430273,83.356979,95.746902,47.975957,79.821086,Progresa/Oportunidades/Prospera,81.957319,64.670423,68.459858,4.2545375,4.9522871,4.7993345,1.0378099,0.81951717,0.86736879,0.03891352,0.41366626,0.33141364,63.31797,23.836512,32.491184,74.774002,95.432245,90.903782,30.717662,75.7021,65.841128,16.314804,71.367957,59.299836,97.194036,99.650006,99.111637,58.33795,89.955199,83.024428,1
Mexico,2014,1997.0,Progresa/Oportunidades/Prospera,5.4419397,8.1373034,6.2459525,9.935432,6.3901193,10.200648,6.1114549,9.7032555,72.764101,71.472954,98.068111,99.298075,72.406536,85.075236,19.427922,44.77413,97.102717,99.289778,84.965834,96.606016,54.641849,81.502474,Progresa/Oportunidades/Prospera,82.159858,68.744501,71.694893,4.3060358,5.0208631,4.8636536,1.0475502,0.81452624,0.86577439,0.31600907,0.58993422,0.52963164,56.791776,18.649184,27.038176,80.685002,96.216539,92.800742,33.688336,77.685839,68.009623,20.504912,73.348542,61.726828,97.52599,99.63725,99.172928,67.124508,90.701441,85.516249,1
Mexico,2016,1997.0,Progresa/Oportunidades/Prospera,5.8351625,8.3166864,6.7609544,10.139342,6.8391708,10.350297,6.6903776,9.9561122,77.343524,77.889483,98.643343,99.225074,74.749872,84.991368,19.977212,43.040303,97.35261,98.977873,88.245118,96.861839,57.129188,84.320539,Progresa/Oportunidades/Prospera,82.469699,65.064977,68.824504,4.3043893,4.9057435,4.7758473,1.016399,0.8047915,0.85050002,0.4495185,0.97004647,0.85748383,54.518731,18.270892,26.101362,80.639488,96.174421,92.81878,34.419626,77.522793,68.212243,19.53077,73.193202,61.601786,98.474728,99.81888,99.528535,75.035232,93.67778,89.650875,1
Mexico,2018,1997.0,Progresa/Oportunidades/Prospera,6.0549598,8.5822266,7.0889256,10.414105,7.1470519,10.613887,7.0366374,10.237507,75.757059,76.20261,98.359109,98.861781,72.377294,85.170396,21.026467,45.859068,97.376287,99.013442,89.278083,97.184236,60.562143,84.921848,Progresa/Oportunidades/Prospera,81.32333,64.267831,68.1875,4.3276457,4.9012755,4.7694448,0.97555026,0.78771291,0.83088141,0.43810111,1.2172494,1.0380522,53.521926,17.69379,25.928252,81.860361,96.276164,92.963146,37.172146,78.816022,69.245489,20.459737,74.263841,61.898663,98.613436,99.811766,99.536367,77.46081,94.702359,90.739932,1
Mexico,2020,1997.0,Progresa/Oportunidades/Prospera,6.358428,8.8368427,7.3934569,10.620101,7.4422713,10.766849,7.349586,10.490828,74.696585,72.253544,98.077558,98.569311,73.458142,84.620174,23.070673,47.183258,97.895895,99.282139,89.676567,97.387938,62.448231,86.781768,Progresa/Oportunidades/Prospera,82.132968,66.192767,69.63018,4.3967656,4.9696459,4.8461075,0.94256958,0.75511971,0.7955422,0.47193508,0.85276762,0.77057931,51.696177,16.258925,23.9015,81.651077,96.667536,93.429322,39.23354,80.338189,71.474206,22.486766,75.601332,64.147479,99.054196,99.880419,99.702249,84.423929,96.034286,93.530579,1
Mexico,2022,1997.0,,,,,,,,,,,,,,,,,,,,,,,,Progresa/Oportunidades/Prospera,82.348213,65.773838,69.584575,4.448129,4.9563381,4.839492,0.90913017,0.73204701,0.77276151,0.57915407,1.456639,1.2547136,49.139968,15.162076,22.974185,82.044173,96.416178,93.111804,42.521532,81.294569,72.379973,24.268301,76.698404,64.643811,98.989674,99.830043,99.636828,87.808448,96.923486,94.827781,1
Paraguay,1995,2005.0,,,,,,,,,,,,,,,,,,,,,,,,Tekoporã,84.661852,70.854498,77.194399,2.484328,3.3518051,2.9534099,2.5793098,1.6829848,2.0946286,45.821076,11.57544,27.303789,9.900688,0.79296088,4.950108,,,,21.40139,74.847405,50.306683,0.05867187,19.009499,10.307878,55.112303,96.450145,77.469114,1.41205,21.337891,12.188574,0
Paraguay,1997,2005.0,Tekoporã,3.3486306,5.7682025,4.5770079,8.1742462,4.7834604,8.590897,4.355486,7.7825036,11.57106,19.378204,92.474219,95.182046,57.3062,78.748687,12.110666,29.619401,94.499219,98.685603,85.292935,94.520887,61.304193,74.576885,Tekoporã,86.346648,70.623264,77.401079,2.4336767,3.2141289,2.8778504,2.627849,1.7263211,2.1147683,44.600438,13.617458,26.966048,6.915547,0.51074417,3.2501077,26.106767,81.440785,57.591869,23.306115,76.223565,53.416188,0.0,14.387378,8.1864302,71.688439,97.566108,86.412854,1.7030305,28.667155,17.04564,0
Paraguay,1999,2005.0,Tekoporã,3.5045892,5.8929255,4.6474287,8.3510207,4.8648284,8.6623311,4.4195543,8.0620401,13.421223,16.174863,91.325892,96.596559,60.66718,81.610607,16.447853,37.299763,94.542612,98.327887,83.015506,95.970478,56.974991,79.169556,Tekoporã,87.977154,76.103725,81.21362,2.4782286,3.2101204,2.8951595,2.5131326,1.6895022,2.0439417,44.902269,7.2876749,23.474664,7.1539295,0.35536468,3.2789397,29.336981,83.076506,59.948955,22.10204,80.489181,55.361464,0.02649388,14.710822,8.3912178,76.609359,97.515368,88.518177,4.3695704,39.034982,24.116241,0
Paraguay,2001,2005.0,Tekoporã,3.658204,6.2216864,4.7651703,8.5437028,4.9656782,8.8444333,4.5469179,8.2828534,,,92.00658,97.181942,61.242386,83.067463,17.473747,38.609566,92.392737,97.939421,84.210861,94.919561,61.651459,77.917061,Tekoporã,83.031866,71.484971,76.464527,3.8422712,5.0944708,4.5549699,1.6644779,1.0126776,1.2935009,34.566348,9.7514427,20.447865,41.645729,6.6116079,21.737276,39.354868,92.256148,69.453141,32.699347,85.972574,63.00924,0.20008719,16.806676,9.6484339,80.779291,98.085108,90.625465,15.026692,55.675969,38.154167,0
Paraguay,2002,2005.0,Tekoporã,3.9200256,6.1777762,4.8989788,8.2996416,4.9787325,8.5036684,4.8085172,8.1122517,,,92.555676,95.240821,60.48658,82.669139,16.690949,31.033727,95.50819,98.807816,85.398763,95.298468,55.686341,72.443442,Tekoporã,86.617119,75.731264,80.311809,4.5230248,5.1956917,4.9125855,1.2188449,0.93722962,1.0557534,34.063731,8.488297,19.25461,45.241635,9.0741574,24.316968,51.843159,81.444814,68.989043,29.929624,81.28459,59.675471,0.36401824,16.187389,9.5292384,82.878192,97.719078,91.474337,17.425122,50.293623,36.46323,0
Paraguay,2003,2005.0,Tekoporã,4.1192268,6.4464014,5.246987,8.8441,5.4595062,9.0882347,5.0115992,8.6260415,,,91.864957,96.753961,66.101501,84.487039,22.204689,41.617583,95.760522,98.554331,85.163793,95.583632,54.015618,76.938453,Tekoporã,82.066457,74.229372,77.523096,4.6096194,5.3971032,5.0661914,1.1624159,0.89014702,1.0045582,27.418669,6.9094185,15.529849,38.255457,7.0819879,20.177479,59.435627,84.851137,74.169654,33.705946,83.211099,62.405361,0.2102133,17.685681,10.341193,84.902104,97.74405,92.346912,20.389914,53.114174,39.361012,0
Paraguay,2004,2005.0,Tekoporã,4.2170183,6.5002888,5.1443421,8.7294848,5.3178744,8.9332726,4.9461027,8.543548,,,93.980369,97.195528,66.672059,85.714405,20.782638,35.797963,95.95689,98.156669,84.539878,94.852765,52.118253,76.252256,Tekoporã,84.672411,71.171174,76.792197,4.5011354,5.1894504,4.9028815,1.142256,0.89723002,0.99924264,28.397702,8.1733495,16.597273,40.852834,7.3638333,21.308244,50.771872,90.798625,74.134128,34.271869,86.000159,64.463915,0.14085599,14.181638,8.3359834,86.907956,97.470084,93.072711,21.797511,58.346943,43.130174,0
Paraguay,2005,2005.0,Tekoporã,4.5057984,6.7662694,5.7282224,9.2242818,5.9033276,9.4263906,5.5335151,9.0391289,,,93.934669,96.960139,66.579682,87.330317,22.054974,39.333191,96.32481,99.006641,87.46893,95.727157,62.145692,79.193998,Tekoporã,83.840961,73.773697,77.927409,4.6715211,5.2324283,5.0010003,1.0639621,0.8699487,0.94999781,24.929312,6.5372047,14.135759,33.404585,5.9146319,17.250419,57.240898,91.453668,77.33762,39.844407,86.427942,67.207768,0.11339935,15.608881,9.2155093,88.984616,98.419238,94.526551,35.34249,68.160406,54.619869,1
Paraguay,2006,2005.0,Tekoporã,4.5006847,6.7733083,5.6593233,9.1010771,5.8228753,9.3118147,5.4819436,8.9133995,,,93.276587,96.961303,72.0028,86.268932,20.574806,41.042717,97.408756,98.634366,88.454012,96.070386,59.011879,82.132433,Tekoporã,86.35063,75.054973,79.716236,4.6392343,5.1005194,4.9100729,1.0678617,0.9076355,0.97378661,24.287282,5.5748743,13.302889,33.451854,5.2294037,16.875221,64.298325,92.804135,81.035203,40.052143,87.12766,67.692023,0.22515359,15.759205,9.3458034,94.180495,98.670848,96.816957,52.937897,79.838939,68.732552,1
Paraguay,2007,2005.0,Tekoporã,4.688643,6.8987506,5.9547467,9.1308796,6.0898159,9.3266809,5.8150267,8.9512838,,,94.25336,97.355805,69.367068,85.894337,20.602902,39.469142,98.397804,98.947949,89.492554,96.263429,61.999727,80.7881,Tekoporã,86.080283,74.732915,79.270173,4.7363327,5.3111666,5.0813186,1.0778079,0.84740783,0.93953358,23.47719,5.3299923,12.58617,33.717343,5.5293154,16.796813,66.513943,94.065228,83.048815,42.352152,86.719874,68.979389,0.3092334,17.125937,10.401759,92.797683,98.72917,96.357458,65.900239,85.899425,77.902727,1
Paraguay,2008,2005.0,Tekoporã,4.5853321,7.0897227,5.9259325,9.5368631,6.0792272,9.7159018,5.7613293,9.3670731,,,95.780363,98.0072,67.148283,88.029202,19.26869,42.979823,96.504083,98.843304,88.427136,96.728512,67.534774,83.907591,Tekoporã,82.568858,71.099946,75.773086,4.6856729,5.3722897,5.0925198,1.0507584,0.85565614,0.93515279,21.116448,6.0902508,12.216205,31.890812,6.012047,16.54401,68.712905,94.065162,83.735094,43.010472,89.049952,70.290638,0.48531418,15.945732,9.6462074,93.33892,99.130259,96.770511,79.532138,93.872402,88.029297,1
Paraguay,2009,2005.0,Tekoporã,4.6920377,7.2490643,5.9360378,9.6644498,6.0964416,9.8046324,5.768236,9.5320201,,,95.434598,98.395583,69.193419,88.716736,20.796151,42.815371,98.061152,98.749779,89.409917,96.885876,67.08245,86.614915,Tekoporã,81.434275,70.205494,74.66457,4.6889543,5.3849147,5.1086913,1.0375537,0.83455792,0.91512601,21.335326,5.48342,11.773275,33.249099,5.7002968,16.633296,68.926247,96.411295,85.502607,41.290828,88.050545,69.49183,0.87144851,16.908077,10.543214,94.673734,98.332675,96.880458,79.99954,92.397105,87.476569,1
Paraguay,2010,2005.0,Tekoporã,4.7007264,7.1491852,5.8936212,9.6179218,6.105638,9.7467705,5.6568645,9.4990112,,,96.289299,98.798223,71.306543,85.366251,24.46064,39.945696,98.151156,98.820431,89.993893,97.149953,63.163663,85.63995,Tekoporã,83.830222,69.37429,75.1445,4.581731,5.2430682,4.9792443,1.0645758,0.85837545,0.94063392,21.974567,7.8587735,13.489915,33.666257,5.2117812,16.558553,75.34096,95.629774,87.536062,41.277251,89.680343,70.371145,0.40267086,13.753221,8.427354,94.314464,99.567911,97.472181,78.188802,93.747417,87.542057,1
Paraguay,2011,2005.0,Tekoporã,4.9553935,7.5228147,6.2627687,10.031833,6.3936197,10.171062,6.1202746,9.9070354,,,96.824877,98.530124,75.496697,88.834746,20.836276,49.782549,97.820994,99.013683,91.000281,97.584521,71.03504,86.155881,Tekoporã,83.18737,76.586154,79.242558,4.6839445,5.4850196,5.1626579,0.99517146,0.80703623,0.88274398,22.255051,4.9360462,11.898905,29.315893,4.4166657,14.420285,78.564985,96.042333,89.00925,48.553084,91.655316,74.310489,0.06273308,16.009006,9.5920449,96.28021,99.560173,98.240278,84.781022,95.818295,91.376771,1
Paraguay,2012,2005.0,Tekoporã,4.8187989,7.5783512,6.0594911,10.041818,6.1857526,10.137484,5.9211112,9.9545282,,,98.421792,97.723138,77.691318,88.137379,24.891949,48.897349,96.593432,99.158631,89.712081,97.237979,65.886736,86.217863,Tekoporã,83.504299,72.402094,76.82587,4.4842417,5.4054625,5.0383936,1.0206782,0.8114403,0.89481307,26.436116,6.2384663,14.285916,32.773895,4.2835399,15.637384,78.09849,97.169822,89.570674,45.189397,93.021564,73.962397,0.05063877,16.898646,10.185402,95.227577,99.640078,97.881877,88.476223,97.386521,93.836131,1
Paraguay,2013,2005.0,Tekoporã,5.2297967,7.8392904,6.5767028,10.509595,6.6850884,10.54355,6.459283,10.47896,,,98.366738,98.716004,78.675702,90.365244,25.664117,50.758539,98.521309,99.142629,91.568052,97.745819,69.84932,85.117456,Tekoporã,83.860225,72.277042,76.893761,4.6386534,5.4241148,5.1111167,0.94578694,0.82342488,0.87218486,17.650093,4.7675196,9.9042371,24.598648,2.9009723,11.526995,82.467248,98.114096,91.878992,55.164644,93.510313,78.229969,2.5654531,15.96298,10.624207,97.917936,99.81339,99.057917,91.161864,96.853859,94.584835,1
Paraguay,2014,2005.0,Tekoporã,5.2744079,7.9067902,6.7822818,10.418733,6.9069035,10.451673,6.6423131,10.388959,,,97.527737,98.640872,78.936695,89.803808,25.374944,49.987218,97.702864,99.319942,91.721981,97.480808,68.959506,87.407682,Tekoporã,81.791637,73.23382,76.58297,4.7955965,5.3599681,5.1390981,0.93152422,0.80635273,0.8553393,0.318787,4.1337355,2.6401286,23.254748,3.4351911,11.191687,84.207988,97.414716,92.246188,59.200149,93.704531,80.201045,1.2685296,16.426765,10.494504,97.587115,99.832005,98.953454,91.761334,97.973518,95.542344,1
Paraguay,2015,2005.0,Tekoporã,5.4801136,8.039755,7.0685497,10.639422,7.2374441,10.650867,6.8906563,10.62931,,,97.360229,99.396632,78.568812,90.784043,29.658802,47.926338,97.89094,99.071117,92.492155,98.248796,70.474,87.92155,Tekoporã,82.571821,73.203305,76.846282,4.7624226,5.3402386,5.115553,0.91056603,0.78745309,0.83532721,0.68164726,5.4903719,3.6198057,21.161543,3.8538886,10.596311,88.609974,98.250617,94.501822,59.392417,94.431332,80.806339,4.4164998,18.325391,12.916875,98.661568,99.815865,99.367013,92.869265,98.294734,96.185024,1
Paraguay,2016,2005.0,Tekoporã,5.336415,7.9275052,6.8011292,10.446677,6.903482,10.358709,6.6939724,10.529317,,,97.964977,98.396024,80.519916,88.196863,24.749554,45.895233,97.54698,98.959567,91.449355,97.457249,66.329889,85.680013,Tekoporã,83.183295,73.869929,77.488315,4.5702163,5.3112595,5.0233643,0.93140204,0.80287323,0.85279907,0.40278166,3.5623417,2.334428,25.535908,4.9754558,12.959302,86.875123,98.064401,93.717367,56.251451,93.666739,79.130903,0.47615363,15.624232,9.7392049,98.010719,99.732467,99.063568,94.21518,98.557683,96.870621,1
Paraguay,2017,2005.0,Tekoporã,5.4910674,7.9623752,7.0506859,10.486765,7.1173949,10.476108,6.9807786,10.496576,,,97.582571,99.181596,80.124642,88.516968,25.260569,43.520781,97.532971,98.67242,90.991893,97.298299,65.686564,81.950861,Tekoporã,83.565744,76.312117,79.110764,4.6515758,5.2277054,5.0054189,0.90893211,0.80329994,0.84405571,0.27408374,3.5208258,2.2678183,19.305111,3.8795873,9.8229488,89.79429,98.227405,94.973679,65.056683,94.244998,82.983351,0.68211154,15.181782,9.5874139,98.35299,99.840237,99.266416,96.024311,98.158829,97.335274,1
Paraguay,2018,2005.0,Tekoporã,5.6140895,8.0172895,7.2706745,10.599112,7.3309256,10.659086,7.2069526,10.543163,,,98.421794,98.072488,81.622288,89.240119,25.25673,43.7011,97.631278,98.650371,92.003124,97.144231,62.42454,78.315152,Tekoporã,86.919827,75.084618,79.521801,4.7945858,5.3949682,5.1698766,0.88173674,0.7593167,0.80521365,0.17235974,3.7936972,2.4360081,16.80322,3.2968855,8.3604679,89.667777,98.056587,94.911507,65.608586,95.046422,84.009773,0.16270165,13.548638,8.530067,99.060342,99.829961,99.541421,95.582836,97.700825,96.906762,1
Paraguay,2019,2005.0,Tekoporã,5.7710823,8.1998751,7.5187115,10.898823,7.5920002,10.981516,7.4428006,10.822827,,,98.566962,99.432048,84.113653,91.644474,27.57659,44.135832,97.804983,98.668954,90.496615,97.117246,55.157661,75.872658,Tekoporã,85.148165,74.237511,78.30174,4.8469183,5.4263318,5.2104997,0.84513993,0.74427274,0.78184586,0.4517274,3.6493766,2.4582494,15.296072,3.7495083,8.0506137,91.774125,98.519317,96.006726,69.012019,96.043388,85.974178,0.35003111,14.319857,9.1160841,99.038207,99.867204,99.558402,94.710497,98.150343,96.868997,1
Paraguay,2020,2005.0,Tekoporã,5.8802051,8.2343905,7.664377,10.878051,7.7331383,10.830356,7.5933643,10.922923,66.803504,90.589009,98.282056,98.898591,84.889486,89.952626,27.278124,42.672749,98.123625,98.932948,92.648918,97.493724,62.96748,81.846774,Tekoporã,85.70396,76.261414,79.773088,4.9352304,5.421708,5.2407874,0.84100031,0.75215167,0.78518947,0.59040197,3.2228978,2.2440066,13.513743,2.4519792,6.5658397,93.399502,98.793875,96.787712,72.733922,96.431586,87.618445,0.56012084,13.571313,8.7324618,99.050098,99.895561,99.581134,95.831923,99.053822,97.855601,1
Paraguay,2021,2005.0,Tekoporã,5.9561589,8.376284,7.7651996,11.001535,7.6032652,10.982354,7.9332324,11.018956,78.527678,87.852227,98.224672,99.582337,82.781283,91.793282,25.710957,46.629902,98.298045,98.812863,92.550333,97.460972,67.520994,82.16583,Tekoporã,86.869931,76.060497,80.013506,4.8627639,5.351247,5.1726087,0.81667778,0.73599116,0.76549825,0.07827291,3.5461767,2.2779646,12.43409,2.325697,6.0223353,94.41917,99.331966,97.535357,76.429964,96.672664,89.265835,0.48602673,14.674127,9.4826833,99.21388,99.924244,99.664464,94.906865,98.791129,97.36899,1
Paraguay,2022,2005.0,Tekoporã,6.241645,8.67129,8.193833,11.4201,8.018784,11.30792,8.381836,11.52291,86.57678,90.25931,98.64338,99.01284,82.78029,94.013,29.9412,44.56485,98.84481,99.20248,93.41439,98.13716,66.03481,85.07424,Tekoporã,86.67664,75.47192,79.66575,4.805923,5.394152,5.173983,0.799397,0.724285,0.752399,0.159827,3.494562,2.246398,11.47367,2.005911,5.549615,93.03573,99.22824,96.91043,76.17282,97.64549,89.60845,0.0,15.70798,9.828614,99.24666,99.94847,99.68579,93.53004,98.40144,96.57857,1
Paraguay,2023,2005.0,Tekoporã,6.4821,8.822452,8.371735,11.36156,8.255006,11.25778,8.490107,11.45603,66.89849,75.34464,99.23036,99.58383,87.06567,94.49442,30.27151,45.93763,98.29862,98.92252,93.57118,97.73392,67.11658,85.87534,Tekoporã,86.42126,77.07041,80.66676,4.858231,5.476255,5.238538,0.762143,0.686937,0.715865,0.597781,3.147953,2.167053,10.73723,1.83484,5.259062,95.23464,99.27859,97.72312,80.32108,97.36322,90.80811,0.222663,15.74544,9.774742,99.5087,99.95856,99.78553,95.03238,97.64685,96.6412,1
Peru,1997,2005.0,,,,,,,,,,,,,,,,,,,,,,,,Juntos,85.915038,61.497271,69.63043,2.3798308,3.3512606,3.0199265,2.7065645,1.8151847,2.1192155,8.1567063,11.905772,10.628526,21.163181,13.434468,16.070904,18.041299,79.810823,59.236404,,,,4.4490445,72.8973,50.098305,23.845619,91.792103,69.16024,0.46289874,33.694991,22.625924,0
Peru,1998,2005.0,Juntos,3.6366862,7.3295189,4.4577729,9.8464083,5.6133072,10.57682,3.36026,9.2015315,44.502305,57.219797,94.481098,96.548786,70.396364,89.30768,20.739786,43.499383,90.900247,98.874149,68.293682,94.418099,37.007805,80.76018,Juntos,84.565024,65.058588,71.540363,2.4569229,3.3916021,3.0749523,2.5450131,1.7598496,2.0258466,8.0138087,8.9898873,8.6595097,16.848671,10.115486,12.395003,25.714087,81.901557,63.231075,11.718018,76.947424,55.272406,5.6733254,75.560777,52.337942,29.172649,93.421129,72.072063,0.55219907,35.62383,23.969911,0
Peru,1999,2005.0,Juntos,3.6025162,7.3443006,4.3669522,9.8164043,5.4460738,10.658434,3.3643969,9.0715629,49.233249,60.101799,93.871121,98.24425,70.055382,89.309553,20.811478,39.876042,91.967046,99.125511,68.191715,94.15164,32.001701,79.947133,Juntos,87.304858,65.525462,72.446888,2.5295587,3.4431109,3.1458199,2.5958113,1.6860094,1.98208,9.9024916,10.919605,10.588772,20.466908,9.1437717,12.826808,26.961703,83.297101,65.393881,20.360345,81.440658,62.029518,3.6382825,77.346177,53.92203,29.028567,95.064564,74.078523,0.72563474,35.010832,24.1151,0
Peru,2000,2005.0,Juntos,3.8206046,7.2502757,4.563185,9.9330272,5.6826442,10.578569,3.5316279,9.3699828,45.611824,53.852746,96.577205,99.064329,72.173027,90.645621,23.9534,38.254772,94.119423,99.272797,71.005525,95.437179,33.787654,76.065116,Juntos,85.016694,63.732764,71.01763,2.5406216,3.4401234,3.1262764,2.3968853,1.6817238,1.9312523,10.060783,10.136781,10.11028,16.478625,9.2865781,11.794532,36.270507,80.487649,65.353417,19.365531,83.555631,61.585239,4.0410427,76.242709,51.530193,28.944198,95.160342,72.496495,0.81972189,38.35117,25.505254,0
Peru,2001,2005.0,Juntos,3.8485055,7.2846172,4.7139276,9.7698112,5.8634543,10.457811,3.5969346,9.159798,44.748367,60.092799,94.744196,98.22024,76.09793,89.784041,24.582783,40.183381,93.618966,98.599597,72.123665,94.385558,38.28806,76.720246,Juntos,83.579674,66.113448,71.576376,2.4756449,3.3994759,3.1050464,2.3628689,1.6877967,1.9029455,9.3496304,7.449216,8.0547404,17.872704,8.933915,11.78206,35.926449,80.780762,66.751637,15.48271,79.833721,59.706595,4.6986935,73.97803,52.309467,27.617721,92.363804,72.113111,0.86959489,38.117734,26.467599,0
Peru,2002,2005.0,Juntos,3.9682201,7.4913418,4.964163,9.9019739,6.0668798,10.571457,3.8716617,9.3077683,44.651112,59.812016,94.975441,98.81285,76.981058,92.235062,24.329936,40.453856,92.043628,98.577385,72.38245,94.361438,39.988578,77.719475,Juntos,83.4347,66.539899,71.685149,2.425663,3.3502448,3.0642306,2.3492278,1.6525413,1.8680574,8.9115569,5.6231736,6.640206,19.857785,9.6813203,12.828701,32.889924,81.759007,66.876105,15.221844,79.508016,59.929896,5.316453,74.371475,53.341019,29.971636,93.830749,74.382688,0.81478474,39.33443,27.603412,0
Peru,2003,2005.0,Juntos,3.7530485,7.5695513,4.6476543,9.8369064,5.6251787,10.525156,3.6791327,9.219417,38.170488,64.586631,94.965379,98.293084,72.379844,91.831216,20.443562,45.67798,91.657964,98.980388,71.698174,94.245104,35.973954,76.894908,Juntos,86.240235,70.018026,74.846538,2.455906,3.4776579,3.1670378,2.2601697,1.5992542,1.8001774,11.552386,7.9457498,9.041569,20.985212,11.257938,14.213416,28.726554,78.4621,63.658403,14.99173,80.580857,61.05837,4.0027733,71.907574,51.69583,26.311023,93.492977,73.496387,0.09308775,32.29672,22.711366,0
Peru,2003,2005.0,Juntos,3.7530485,7.5695513,4.6476543,9.8369064,5.6251787,10.525156,3.6791327,9.219417,38.170488,64.586631,94.965379,98.293084,72.379844,91.831216,20.443562,45.67798,91.657964,98.980388,71.698174,94.245104,35.973954,76.894908,Juntos,86.240235,70.018026,74.846538,2.455906,3.4776579,3.1670378,2.2601697,1.5992542,1.8001774,11.552386,7.9457498,9.041569,20.985212,11.257938,14.213416,31.682984,80.507469,65.73701,17.783729,81.69493,62.360414,4.7784837,73.251105,52.536661,29.695809,93.762531,74.380966,0.6524835,41.431925,29.095265,0
Peru,2003,2005.0,Juntos,3.7530485,7.5695513,4.6476543,9.8369064,5.6251787,10.525156,3.6791327,9.219417,38.170488,64.586631,94.965379,98.293084,72.379844,91.831216,20.443562,45.67798,91.657964,98.980388,71.698174,94.245104,35.973954,76.894908,Juntos,86.560451,69.369312,74.570002,2.4857735,3.5349028,3.2106699,2.2549734,1.5636665,1.7773146,9.8915778,7.5396151,8.2660939,19.31117,10.321052,13.097937,28.726554,78.4621,63.658403,14.99173,80.580857,61.05837,4.0027733,71.907574,51.69583,26.311023,93.492977,73.496387,0.09308775,32.29672,22.711366,0
Peru,2003,2005.0,Juntos,3.7530485,7.5695513,4.6476543,9.8369064,5.6251787,10.525156,3.6791327,9.219417,38.170488,64.586631,94.965379,98.293084,72.379844,91.831216,20.443562,45.67798,91.657964,98.980388,71.698174,94.245104,35.973954,76.894908,Juntos,86.560451,69.369312,74.570002,2.4857735,3.5349028,3.2106699,2.2549734,1.5636665,1.7773146,9.8915778,7.5396151,8.2660939,19.31117,10.321052,13.097937,31.682984,80.507469,65.73701,17.783729,81.69493,62.360414,4.7784837,73.251105,52.536661,29.695809,93.762531,74.380966,0.6524835,41.431925,29.095265,0
Peru,2003,2005.0,Juntos,3.7530485,7.5695513,4.6476543,9.8369064,5.6251787,10.525156,3.6791327,9.219417,38.170488,64.586631,94.965379,98.293084,72.379844,91.831216,20.443562,45.67798,91.597971,98.794732,71.508972,94.460803,37.296982,75.867043,Juntos,86.240235,70.018026,74.846538,2.455906,3.4776579,3.1670378,2.2601697,1.5992542,1.8001774,11.552386,7.9457498,9.041569,20.985212,11.257938,14.213416,28.726554,78.4621,63.658403,14.99173,80.580857,61.05837,4.0027733,71.907574,51.69583,26.311023,93.492977,73.496387,0.09308775,32.29672,22.711366,0
Peru,2003,2005.0,Juntos,3.7530485,7.5695513,4.6476543,9.8369064,5.6251787,10.525156,3.6791327,9.219417,38.170488,64.586631,94.965379,98.293084,72.379844,91.831216,20.443562,45.67798,91.597971,98.794732,71.508972,94.460803,37.296982,75.867043,Juntos,86.240235,70.018026,74.846538,2.455906,3.4776579,3.1670378,2.2601697,1.5992542,1.8001774,11.552386,7.9457498,9.041569,20.985212,11.257938,14.213416,31.682984,80.507469,65.73701,17.783729,81.69493,62.360414,4.7784837,73.251105,52.536661,29.695809,93.762531,74.380966,0.6524835,41.431925,29.095265,0
Peru,2003,2005.0,Juntos,3.7530485,7.5695513,4.6476543,9.8369064,5.6251787,10.525156,3.6791327,9.219417,38.170488,64.586631,94.965379,98.293084,72.379844,91.831216,20.443562,45.67798,91.597971,98.794732,71.508972,94.460803,37.296982,75.867043,Juntos,86.560451,69.369312,74.570002,2.4857735,3.5349028,3.2106699,2.2549734,1.5636665,1.7773146,9.8915778,7.5396151,8.2660939,19.31117,10.321052,13.097937,28.726554,78.4621,63.658403,14.99173,80.580857,61.05837,4.0027733,71.907574,51.69583,26.311023,93.492977,73.496387,0.09308775,32.29672,22.711366,0
Peru,2003,2005.0,Juntos,3.7530485,7.5695513,4.6476543,9.8369064,5.6251787,10.525156,3.6791327,9.219417,38.170488,64.586631,94.965379,98.293084,72.379844,91.831216,20.443562,45.67798,91.597971,98.794732,71.508972,94.460803,37.296982,75.867043,Juntos,86.560451,69.369312,74.570002,2.4857735,3.5349028,3.2106699,2.2549734,1.5636665,1.7773146,9.8915778,7.5396151,8.2660939,19.31117,10.321052,13.097937,31.682984,80.507469,65.73701,17.783729,81.69493,62.360414,4.7784837,73.251105,52.536661,29.695809,93.762531,74.380966,0.6524835,41.431925,29.095265,0
Peru,2003,2005.0,Juntos,3.7530485,7.5695513,4.6476543,9.8369064,5.6251787,10.525156,3.6791327,9.219417,47.801362,69.134983,95.623463,98.900759,74.477196,92.434217,21.847936,44.20236,91.657964,98.980388,71.698174,94.245104,35.973954,76.894908,Juntos,86.240235,70.018026,74.846538,2.455906,3.4776579,3.1670378,2.2601697,1.5992542,1.8001774,11.552386,7.9457498,9.041569,20.985212,11.257938,14.213416,28.726554,78.4621,63.658403,14.99173,80.580857,61.05837,4.0027733,71.907574,51.69583,26.311023,93.492977,73.496387,0.09308775,32.29672,22.711366,0
Peru,2003,2005.0,Juntos,3.7530485,7.5695513,4.6476543,9.8369064,5.6251787,10.525156,3.6791327,9.219417,47.801362,69.134983,95.623463,98.900759,74.477196,92.434217,21.847936,44.20236,91.657964,98.980388,71.698174,94.245104,35.973954,76.894908,Juntos,86.240235,70.018026,74.846538,2.455906,3.4776579,3.1670378,2.2601697,1.5992542,1.8001774,11.552386,7.9457498,9.041569,20.985212,11.257938,14.213416,31.682984,80.507469,65.73701,17.783729,81.69493,62.360414,4.7784837,73.251105,52.536661,29.695809,93.762531,74.380966,0.6524835,41.431925,29.095265,0
Peru,2003,2005.0,Juntos,3.7530485,7.5695513,4.6476543,9.8369064,5.6251787,10.525156,3.6791327,9.219417,47.801362,69.134983,95.623463,98.900759,74.477196,92.434217,21.847936,44.20236,91.657964,98.980388,71.698174,94.245104,35.973954,76.894908,Juntos,86.560451,69.369312,74.570002,2.4857735,3.5349028,3.2106699,2.2549734,1.5636665,1.7773146,9.8915778,7.5396151,8.2660939,19.31117,10.321052,13.097937,28.726554,78.4621,63.658403,14.99173,80.580857,61.05837,4.0027733,71.907574,51.69583,26.311023,93.492977,73.496387,0.09308775,32.29672,22.711366,0
Peru,2003,2005.0,Juntos,3.7530485,7.5695513,4.6476543,9.8369064,5.6251787,10.525156,3.6791327,9.219417,47.801362,69.134983,95.623463,98.900759,74.477196,92.434217,21.847936,44.20236,91.657964,98.980388,71.698174,94.245104,35.973954,76.894908,Juntos,86.560451,69.369312,74.570002,2.4857735,3.5349028,3.2106699,2.2549734,1.5636665,1.7773146,9.8915778,7.5396151,8.2660939,19.31117,10.321052,13.097937,31.682984,80.507469,65.73701,17.783729,81.69493,62.360414,4.7784837,73.251105,52.536661,29.695809,93.762531,74.380966,0.6524835,41.431925,29.095265,0
Peru,2003,2005.0,Juntos,3.7530485,7.5695513,4.6476543,9.8369064,5.6251787,10.525156,3.6791327,9.219417,47.801362,69.134983,95.623463,98.900759,74.477196,92.434217,21.847936,44.20236,91.597971,98.794732,71.508972,94.460803,37.296982,75.867043,Juntos,86.240235,70.018026,74.846538,2.455906,3.4776579,3.1670378,2.2601697,1.5992542,1.8001774,11.552386,7.9457498,9.041569,20.985212,11.257938,14.213416,28.726554,78.4621,63.658403,14.99173,80.580857,61.05837,4.0027733,71.907574,51.69583,26.311023,93.492977,73.496387,0.09308775,32.29672,22.711366,0
Peru,2003,2005.0,Juntos,3.7530485,7.5695513,4.6476543,9.8369064,5.6251787,10.525156,3.6791327,9.219417,47.801362,69.134983,95.623463,98.900759,74.477196,92.434217,21.847936,44.20236,91.597971,98.794732,71.508972,94.460803,37.296982,75.867043,Juntos,86.240235,70.018026,74.846538,2.455906,3.4776579,3.1670378,2.2601697,1.5992542,1.8001774,11.552386,7.9457498,9.041569,20.985212,11.257938,14.213416,31.682984,80.507469,65.73701,17.783729,81.69493,62.360414,4.7784837,73.251105,52.536661,29.695809,93.762531,74.380966,0.6524835,41.431925,29.095265,0
Peru,2003,2005.0,Juntos,3.7530485,7.5695513,4.6476543,9.8369064,5.6251787,10.525156,3.6791327,9.219417,47.801362,69.134983,95.623463,98.900759,74.477196,92.434217,21.847936,44.20236,91.597971,98.794732,71.508972,94.460803,37.296982,75.867043,Juntos,86.560451,69.369312,74.570002,2.4857735,3.5349028,3.2106699,2.2549734,1.5636665,1.7773146,9.8915778,7.5396151,8.2660939,19.31117,10.321052,13.097937,28.726554,78.4621,63.658403,14.99173,80.580857,61.05837,4.0027733,71.907574,51.69583,26.311023,93.492977,73.496387,0.09308775,32.29672,22.711366,0
Peru,2003,2005.0,Juntos,3.7530485,7.5695513,4.6476543,9.8369064,5.6251787,10.525156,3.6791327,9.219417,47.801362,69.134983,95.623463,98.900759,74.477196,92.434217,21.847936,44.20236,91.597971,98.794732,71.508972,94.460803,37.296982,75.867043,Juntos,86.560451,69.369312,74.570002,2.4857735,3.5349028,3.2106699,2.2549734,1.5636665,1.7773146,9.8915778,7.5396151,8.2660939,19.31117,10.321052,13.097937,31.682984,80.507469,65.73701,17.783729,81.69493,62.360414,4.7784837,73.251105,52.536661,29.695809,93.762531,74.380966,0.6524835,41.431925,29.095265,0
Peru,2003,2005.0,Juntos,3.8970318,7.6231284,4.7878547,9.9935113,5.8331595,10.681747,3.7636558,9.3632331,38.170488,64.586631,94.965379,98.293084,72.379844,91.831216,20.443562,45.67798,91.657964,98.980388,71.698174,94.245104,35.973954,76.894908,Juntos,86.240235,70.018026,74.846538,2.455906,3.4776579,3.1670378,2.2601697,1.5992542,1.8001774,11.552386,7.9457498,9.041569,20.985212,11.257938,14.213416,28.726554,78.4621,63.658403,14.99173,80.580857,61.05837,4.0027733,71.907574,51.69583,26.311023,93.492977,73.496387,0.09308775,32.29672,22.711366,0
Peru,2003,2005.0,Juntos,3.8970318,7.6231284,4.7878547,9.9935113,5.8331595,10.681747,3.7636558,9.3632331,38.170488,64.586631,94.965379,98.293084,72.379844,91.831216,20.443562,45.67798,91.657964,98.980388,71.698174,94.245104,35.973954,76.894908,Juntos,86.240235,70.018026,74.846538,2.455906,3.4776579,3.1670378,2.2601697,1.5992542,1.8001774,11.552386,7.9457498,9.041569,20.985212,11.257938,14.213416,31.682984,80.507469,65.73701,17.783729,81.69493,62.360414,4.7784837,73.251105,52.536661,29.695809,93.762531,74.380966,0.6524835,41.431925,29.095265,0
Peru,2003,2005.0,Juntos,3.8970318,7.6231284,4.7878547,9.9935113,5.8331595,10.681747,3.7636558,9.3632331,38.170488,64.586631,94.965379,98.293084,72.379844,91.831216,20.443562,45.67798,91.657964,98.980388,71.698174,94.245104,35.973954,76.894908,Juntos,86.560451,69.369312,74.570002,2.4857735,3.5349028,3.2106699,2.2549734,1.5636665,1.7773146,9.8915778,7.5396151,8.2660939,19.31117,10.321052,13.097937,28.726554,78.4621,63.658403,14.99173,80.580857,61.05837,4.0027733,71.907574,51.69583,26.311023,93.492977,73.496387,0.09308775,32.29672,22.711366,0
Peru,2003,2005.0,Juntos,3.8970318,7.6231284,4.7878547,9.9935113,5.8331595,10.681747,3.7636558,9.3632331,38.170488,64.586631,94.965379,98.293084,72.379844,91.831216,20.443562,45.67798,91.657964,98.980388,71.698174,94.245104,35.973954,76.894908,Juntos,86.560451,69.369312,74.570002,2.4857735,3.5349028,3.2106699,2.2549734,1.5636665,1.7773146,9.8915778,7.5396151,8.2660939,19.31117,10.321052,13.097937,31.682984,80.507469,65.73701,17.783729,81.69493,62.360414,4.7784837,73.251105,52.536661,29.695809,93.762531,74.380966,0.6524835,41.431925,29.095265,0
Peru,2003,2005.0,Juntos,3.8970318,7.6231284,4.7878547,9.9935113,5.8331595,10.681747,3.7636558,9.3632331,38.170488,64.586631,94.965379,98.293084,72.379844,91.831216,20.443562,45.67798,91.597971,98.794732,71.508972,94.460803,37.296982,75.867043,Juntos,86.240235,70.018026,74.846538,2.455906,3.4776579,3.1670378,2.2601697,1.5992542,1.8001774,11.552386,7.9457498,9.041569,20.985212,11.257938,14.213416,28.726554,78.4621,63.658403,14.99173,80.580857,61.05837,4.0027733,71.907574,51.69583,26.311023,93.492977,73.496387,0.09308775,32.29672,22.711366,0
Peru,2003,2005.0,Juntos,3.8970318,7.6231284,4.7878547,9.9935113,5.8331595,10.681747,3.7636558,9.3632331,38.170488,64.586631,94.965379,98.293084,72.379844,91.831216,20.443562,45.67798,91.597971,98.794732,71.508972,94.460803,37.296982,75.867043,Juntos,86.240235,70.018026,74.846538,2.455906,3.4776579,3.1670378,2.2601697,1.5992542,1.8001774,11.552386,7.9457498,9.041569,20.985212,11.257938,14.213416,31.682984,80.507469,65.73701,17.783729,81.69493,62.360414,4.7784837,73.251105,52.536661,29.695809,93.762531,74.380966,0.6524835,41.431925,29.095265,0
Peru,2003,2005.0,Juntos,3.8970318,7.6231284,4.7878547,9.9935113,5.8331595,10.681747,3.7636558,9.3632331,38.170488,64.586631,94.965379,98.293084,72.379844,91.831216,20.443562,45.67798,91.597971,98.794732,71.508972,94.460803,37.296982,75.867043,Juntos,86.560451,69.369312,74.570002,2.4857735,3.5349028,3.2106699,2.2549734,1.5636665,1.7773146,9.8915778,7.5396151,8.2660939,19.31117,10.321052,13.097937,28.726554,78.4621,63.658403,14.99173,80.580857,61.05837,4.0027733,71.907574,51.69583,26.311023,93.492977,73.496387,0.09308775,32.29672,22.711366,0
Peru,2003,2005.0,Juntos,3.8970318,7.6231284,4.7878547,9.9935113,5.8331595,10.681747,3.7636558,9.3632331,38.170488,64.586631,94.965379,98.293084,72.379844,91.831216,20.443562,45.67798,91.597971,98.794732,71.508972,94.460803,37.296982,75.867043,Juntos,86.560451,69.369312,74.570002,2.4857735,3.5349028,3.2106699,2.2549734,1.5636665,1.7773146,9.8915778,7.5396151,8.2660939,19.31117,10.321052,13.097937,31.682984,80.507469,65.73701,17.783729,81.69493,62.360414,4.7784837,73.251105,52.536661,29.695809,93.762531,74.380966,0.6524835,41.431925,29.095265,0
Peru,2003,2005.0,Juntos,3.8970318,7.6231284,4.7878547,9.9935113,5.8331595,10.681747,3.7636558,9.3632331,47.801362,69.134983,95.623463,98.900759,74.477196,92.434217,21.847936,44.20236,91.657964,98.980388,71.698174,94.245104,35.973954,76.894908,Juntos,86.240235,70.018026,74.846538,2.455906,3.4776579,3.1670378,2.2601697,1.5992542,1.8001774,11.552386,7.9457498,9.041569,20.985212,11.257938,14.213416,28.726554,78.4621,63.658403,14.99173,80.580857,61.05837,4.0027733,71.907574,51.69583,26.311023,93.492977,73.496387,0.09308775,32.29672,22.711366,0
Peru,2003,2005.0,Juntos,3.8970318,7.6231284,4.7878547,9.9935113,5.8331595,10.681747,3.7636558,9.3632331,47.801362,69.134983,95.623463,98.900759,74.477196,92.434217,21.847936,44.20236,91.657964,98.980388,71.698174,94.245104,35.973954,76.894908,Juntos,86.240235,70.018026,74.846538,2.455906,3.4776579,3.1670378,2.2601697,1.5992542,1.8001774,11.552386,7.9457498,9.041569,20.985212,11.257938,14.213416,31.682984,80.507469,65.73701,17.783729,81.69493,62.360414,4.7784837,73.251105,52.536661,29.695809,93.762531,74.380966,0.6524835,41.431925,29.095265,0
Peru,2003,2005.0,Juntos,3.8970318,7.6231284,4.7878547,9.9935113,5.8331595,10.681747,3.7636558,9.3632331,47.801362,69.134983,95.623463,98.900759,74.477196,92.434217,21.847936,44.20236,91.657964,98.980388,71.698174,94.245104,35.973954,76.894908,Juntos,86.560451,69.369312,74.570002,2.4857735,3.5349028,3.2106699,2.2549734,1.5636665,1.7773146,9.8915778,7.5396151,8.2660939,19.31117,10.321052,13.097937,28.726554,78.4621,63.658403,14.99173,80.580857,61.05837,4.0027733,71.907574,51.69583,26.311023,93.492977,73.496387,0.09308775,32.29672,22.711366,0
Peru,2003,2005.0,Juntos,3.8970318,7.6231284,4.7878547,9.9935113,5.8331595,10.681747,3.7636558,9.3632331,47.801362,69.134983,95.623463,98.900759,74.477196,92.434217,21.847936,44.20236,91.657964,98.980388,71.698174,94.245104,35.973954,76.894908,Juntos,86.560451,69.369312,74.570002,2.4857735,3.5349028,3.2106699,2.2549734,1.5636665,1.7773146,9.8915778,7.5396151,8.2660939,19.31117,10.321052,13.097937,31.682984,80.507469,65.73701,17.783729,81.69493,62.360414,4.7784837,73.251105,52.536661,29.695809,93.762531,74.380966,0.6524835,41.431925,29.095265,0
Peru,2003,2005.0,Juntos,3.8970318,7.6231284,4.7878547,9.9935113,5.8331595,10.681747,3.7636558,9.3632331,47.801362,69.134983,95.623463,98.900759,74.477196,92.434217,21.847936,44.20236,91.597971,98.794732,71.508972,94.460803,37.296982,75.867043,Juntos,86.240235,70.018026,74.846538,2.455906,3.4776579,3.1670378,2.2601697,1.5992542,1.8001774,11.552386,7.9457498,9.041569,20.985212,11.257938,14.213416,28.726554,78.4621,63.658403,14.99173,80.580857,61.05837,4.0027733,71.907574,51.69583,26.311023,93.492977,73.496387,0.09308775,32.29672,22.711366,0
Peru,2003,2005.0,Juntos,3.8970318,7.6231284,4.7878547,9.9935113,5.8331595,10.681747,3.7636558,9.3632331,47.801362,69.134983,95.623463,98.900759,74.477196,92.434217,21.847936,44.20236,91.597971,98.794732,71.508972,94.460803,37.296982,75.867043,Juntos,86.240235,70.018026,74.846538,2.455906,3.4776579,3.1670378,2.2601697,1.5992542,1.8001774,11.552386,7.9457498,9.041569,20.985212,11.257938,14.213416,31.682984,80.507469,65.73701,17.783729,81.69493,62.360414,4.7784837,73.251105,52.536661,29.695809,93.762531,74.380966,0.6524835,41.431925,29.095265,0
Peru,2003,2005.0,Juntos,3.8970318,7.6231284,4.7878547,9.9935113,5.8331595,10.681747,3.7636558,9.3632331,47.801362,69.134983,95.623463,98.900759,74.477196,92.434217,21.847936,44.20236,91.597971,98.794732,71.508972,94.460803,37.296982,75.867043,Juntos,86.560451,69.369312,74.570002,2.4857735,3.5349028,3.2106699,2.2549734,1.5636665,1.7773146,9.8915778,7.5396151,8.2660939,19.31117,10.321052,13.097937,28.726554,78.4621,63.658403,14.99173,80.580857,61.05837,4.0027733,71.907574,51.69583,26.311023,93.492977,73.496387,0.09308775,32.29672,22.711366,0
Peru,2003,2005.0,Juntos,3.8970318,7.6231284,4.7878547,9.9935113,5.8331595,10.681747,3.7636558,9.3632331,47.801362,69.134983,95.623463,98.900759,74.477196,92.434217,21.847936,44.20236,91.597971,98.794732,71.508972,94.460803,37.296982,75.867043,Juntos,86.560451,69.369312,74.570002,2.4857735,3.5349028,3.2106699,2.2549734,1.5636665,1.7773146,9.8915778,7.5396151,8.2660939,19.31117,10.321052,13.097937,31.682984,80.507469,65.73701,17.783729,81.69493,62.360414,4.7784837,73.251105,52.536661,29.695809,93.762531,74.380966,0.6524835,41.431925,29.095265,0
Peru,2004,2005.0,Juntos,4.1352421,7.7597808,4.9611815,10.036339,6.0063845,10.702965,3.8976588,9.4196673,51.569507,77.431689,95.013706,97.724771,76.015058,92.49767,24.97552,43.969267,93.075073,98.89976,72.981831,94.292221,38.920694,77.267789,Juntos,85.797251,67.535943,72.993882,2.6395479,3.6885276,3.3676921,2.1277817,1.5216079,1.707009,8.8390056,9.5639381,9.3422239,18.483037,10.584961,13.000518,32.228462,81.444278,66.734658,22.56257,82.556009,64.625173,5.8579208,74.81079,54.20216,32.028739,94.305688,75.692357,1.635296,47.129165,33.53196,0
Peru,2005,2005.0,Juntos,4.1634855,7.777946,4.9607519,10.051369,6.0656021,10.650267,3.8529774,9.5099153,54.181151,73.725765,96.291614,96.955682,76.367994,90.674026,24.76039,42.603382,93.766106,98.838591,74.123238,94.543625,40.516059,77.038908,Juntos,84.853635,66.747423,72.016741,2.7063664,3.6689502,3.3836579,2.0767155,1.4557287,1.6397779,11.233153,8.625124,9.3979491,21.016372,9.942181,13.223745,29.924564,82.771286,67.391693,29.60653,84.766019,68.713359,6.1359958,75.701293,55.456216,34.584732,94.65564,77.173645,1.7775716,51.58749,37.091676,1
Peru,2006,2005.0,Juntos,4.2867497,7.9290681,5.0989441,10.197327,6.1629982,10.824973,4.0306835,9.6309242,53.111456,75.540065,96.319938,98.649658,78.79005,93.010333,22.227609,44.655038,94.781917,99.119269,75.171136,94.726756,43.716628,77.429267,Juntos,85.892569,65.789121,71.47987,2.8329686,3.7516685,3.4857594,2.0002732,1.4353362,1.5988519,9.0044563,9.6857429,9.4885508,18.478291,9.5657477,12.1454,32.457431,83.279167,68.892892,34.3635,86.562851,71.78661,6.0145417,77.214951,57.060018,39.626711,96.160471,80.157275,4.0402767,59.348627,43.692312,1
Peru,2007,2005.0,Juntos,4.4097319,8.0187786,5.3187721,10.475168,6.4534199,11.08974,4.1925367,9.9187296,57.658354,77.753344,96.906891,99.124226,80.919855,92.811199,25.210988,47.022751,94.617954,98.567253,77.339901,95.787618,42.743251,78.634623,Juntos,83.521821,61.848641,67.792253,2.8609582,3.6038401,3.3952261,1.966688,1.4916262,1.6250317,7.970492,7.9146225,7.9303095,21.882936,12.592379,15.201328,32.388923,84.189281,69.983649,32.694686,84.349561,70.183827,7.6431837,78.125556,58.796604,45.41024,95.809539,81.988131,11.524862,72.126821,55.507455,1
Peru,2008,2005.0,Juntos,4.472272,8.0923382,5.2902187,10.52554,6.4050819,11.159736,4.1825777,9.9591274,60.993413,79.089277,97.019974,98.935276,82.540218,92.913635,24.996416,47.925031,94.895454,98.829331,76.600479,95.989852,45.1491,77.029216,Juntos,84.123975,63.334543,68.813734,2.9567628,3.5858885,3.4153853,1.8836849,1.4613874,1.5758368,7.3448485,7.5893877,7.5231109,21.233629,12.811067,15.093717,31.651499,84.709983,70.726071,37.326568,85.474196,72.784572,7.9868103,79.882062,60.933596,50.133503,97.041166,84.678343,24.74888,81.975323,66.892918,1
Peru,2009,2005.0,Juntos,4.5745161,8.1585394,5.3623526,10.552316,6.509571,11.142858,4.2372262,10.025128,61.050461,79.188584,97.869213,99.013015,83.639702,93.380174,28.119184,48.548215,96.395662,99.00048,77.791582,96.102148,44.457963,80.255538,Juntos,83.250128,61.137068,66.908276,2.9982516,3.6740057,3.4932583,1.840929,1.4138646,1.5280937,5.8054814,7.4261344,6.9926795,20.434102,12.185536,14.391823,34.415139,86.044015,72.569579,40.848391,86.521154,74.601182,9.4895644,81.636665,62.80725,55.129787,97.476145,86.42432,36.432154,86.418108,73.372452,1
Peru,2010,2005.0,Juntos,4.6171495,8.1845113,5.3511647,10.5699,6.5123685,11.193927,4.2332441,10.009378,65.584346,80.249668,97.985536,98.784628,86.298213,94.625607,27.868233,49.854117,96.018325,99.088954,77.910779,96.295521,45.141754,79.942588,Juntos,84.448117,61.545967,67.347009,3.024743,3.7006965,3.525724,1.7930729,1.382174,1.4885363,8.699968,7.6117297,7.8934635,20.448811,11.261054,13.639331,38.33129,87.348664,74.93272,44.735035,87.980719,77.026725,10.556249,83.169428,64.776741,58.5864,98.142493,88.123061,46.691885,88.27709,77.74369,1
Peru,2011,2005.0,Juntos,4.7224901,8.240581,5.4876381,10.562203,6.5695906,11.10871,4.4385014,10.071767,63.8068,79.847017,98.452306,98.920221,86.99142,94.175161,30.132749,51.140748,96.534346,99.07395,79.30652,96.263652,45.377728,80.614456,Juntos,86.128772,62.466788,68.475486,3.0069248,3.7248545,3.5383088,1.7411926,1.3455673,1.448366,8.3768628,7.4461925,7.6879724,21.052375,11.92803,14.298886,36.398012,88.850773,75.530976,43.976902,88.731097,77.349579,12.170739,84.579904,66.165402,64.237932,98.376636,89.707491,50.603273,90.17851,80.128818,1
Peru,2012,2005.0,Juntos,4.8554355,8.4170592,5.6144587,10.747974,6.7273129,11.217473,4.5320282,10.327129,67.293558,78.073952,97.707149,99.10182,87.005086,95.016105,30.44146,53.787099,96.987341,99.281855,80.950576,97.071453,48.208228,82.967811,Juntos,86.161321,63.531467,69.198178,2.9536626,3.7034104,3.5117912,1.7161982,1.2994505,1.4059621,7.8205708,7.032099,7.2336151,20.663843,11.203293,13.621203,52.948543,90.049065,80.758774,42.820912,88.985319,77.425353,12.79161,85.459544,67.262866,68.558489,98.629566,91.099508,58.93359,91.161882,83.09164,1
Peru,2013,2005.0,Juntos,4.8829672,8.3896539,5.6135263,10.659544,6.6877171,11.20937,4.5682331,10.163816,72.41287,80.558745,98.381084,99.187593,88.612878,94.937438,34.894621,52.904379,97.637527,99.280744,80.751691,96.866515,49.003435,82.831301,Juntos,87.175985,64.708151,70.200074,2.9962368,3.641407,3.4806182,1.6461551,1.3036767,1.3890288,6.3275989,5.832137,5.9556294,20.408544,11.177473,13.478032,53.987217,89.757086,81.013681,45.028364,88.449423,77.8358,14.642512,84.577337,67.482823,71.597192,98.779725,92.135365,63.686736,92.509362,85.464106,1
Peru,2014,2005.0,Juntos,4.9535046,8.3713242,5.6368838,10.619282,6.7076759,11.166335,4.620322,10.135431,75.380429,80.182876,98.440539,99.401835,89.602798,95.241512,36.658379,52.480019,98.093541,99.265657,80.974261,96.708558,48.0829,81.838182,Juntos,87.437097,64.977554,70.469777,2.9742032,3.6264733,3.4640829,1.5804966,1.2935322,1.3649754,5.8628894,5.6613838,5.711551,20.287133,11.111733,13.396058,62.290073,91.092603,84.049276,44.706562,88.445946,77.749982,15.135095,84.666153,67.663132,74.504761,98.880892,92.919989,69.609522,92.995285,87.276566,1
Peru,2015,2005.0,Juntos,4.9220862,8.2975653,5.8319943,10.64691,6.8563388,11.110509,4.8525756,10.239709,79.415768,78.496492,98.771379,98.918362,91.08782,95.285259,34.73014,52.976603,98.046656,99.34879,82.208255,96.879267,50.063113,82.2162,Juntos,86.372723,64.541106,69.774393,2.8750732,3.4920102,3.3418861,1.5977331,1.3042034,1.3756303,5.0791918,5.3874576,5.3124354,19.849712,12.253646,14.102056,62.855759,90.356968,83.764615,43.615993,88.358914,77.633527,16.731683,84.625007,68.350205,77.92171,98.874896,93.852179,73.609758,94.039115,89.141965,1
Peru,2016,2005.0,Juntos,4.9348516,8.3330191,5.8745604,10.67209,6.9520518,11.168628,4.8490483,10.226844,80.816723,81.450683,98.841241,99.207214,90.792681,96.34988,37.536859,54.450299,97.567182,99.308507,82.714134,96.676518,52.34212,82.889853,Juntos,84.968731,63.510176,68.595662,2.8850854,3.4921986,3.3463962,1.568081,1.295797,1.3611879,4.2710655,5.5887292,5.2722709,19.956169,12.062395,13.95814,67.118056,92.381622,86.394382,44.739935,89.234577,78.689744,17.249399,85.367778,69.22433,78.933198,98.892099,94.162018,76.79259,94.956639,90.651921,1
Peru,2017,2005.0,Juntos,4.9740621,8.3949679,5.895294,10.711943,6.9226223,11.201959,4.9117834,10.278371,81.239406,83.487416,99.153218,99.451503,93.508226,96.090815,38.132929,55.204684,97.806041,99.408648,82.283299,96.810466,51.928281,83.737133,Juntos,85.118729,64.31679,69.19548,2.9104976,3.5391579,3.3896567,1.5022447,1.2666354,1.3226654,3.9970187,5.840494,5.402082,19.343647,11.876787,13.652475,67.809421,91.731397,86.120964,44.658578,89.454199,78.948259,18.720758,85.85185,70.107561,81.349538,98.947961,94.820594,78.919128,95.340599,91.489263,1
Peru,2018,2005.0,Juntos,5.0665295,8.4501405,5.9825394,10.781798,7.0320772,11.314704,5.0020559,10.306344,81.882546,84.321821,99.316146,99.585374,93.755969,96.93738,37.852126,57.83768,98.033759,99.295115,82.806416,96.908732,52.955709,84.865,Juntos,85.907323,65.17476,69.956643,2.9101008,3.5329363,3.3870825,1.4650002,1.2439912,1.2957464,3.1722956,4.9247086,4.5143367,18.446921,11.118082,12.834328,70.075755,92.8381,87.588057,44.495443,89.752,79.313757,19.772571,86.589187,71.178204,82.302849,99.036842,95.177214,80.115557,95.654438,92.070458,1
Peru,2019,2005.0,Juntos,5.1355086,8.5330321,6.0827624,10.88588,7.145178,11.360082,5.0984755,10.465151,82.568385,85.14486,99.055134,98.962049,93.66222,97.250234,38.814541,57.025557,98.201206,99.341245,83.149146,96.873711,52.714855,85.225935,Juntos,86.214329,65.475334,70.165143,2.9400656,3.5421526,3.4041119,1.436485,1.2337177,1.2802062,2.7906517,5.7538827,5.074502,18.748734,10.816683,12.635266,72.645872,92.788716,88.233718,44.409395,90.16509,79.818135,21.940899,87.898008,72.98281,83.459035,99.085709,95.551974,81.37533,96.400932,93.003121,1
Peru,2020,2005.0,Juntos,5.485851,8.4595867,6.3981063,10.686944,7.3812828,11.158263,5.4773211,10.271496,82.178634,74.563951,98.679623,97.769304,94.76341,95.956773,37.985159,47.59256,99.134492,99.618385,87.898666,97.483198,57.456587,84.361866,Juntos,87.240351,65.569897,70.208051,2.9271171,3.4519934,3.3383728,1.4517753,1.2516453,1.2949677,2.6969503,2.5063888,2.5476399,16.964898,11.228606,12.470349,75.432263,90.930366,87.613288,50.27488,87.97688,79.907475,23.148031,84.759463,71.572692,85.872021,98.994951,96.186234,88.219961,97.495733,95.510428,1
Peru,2021,2005.0,Juntos,5.3540825,8.3763419,6.4108976,10.625838,7.4031014,11.06975,5.516266,10.244213,79.797935,76.96841,99.068224,97.75959,93.110235,96.294248,35.967435,51.760286,98.650252,99.206348,84.626431,96.736648,56.250705,85.282245,Juntos,85.117869,62.306772,67.241324,2.8705172,3.3018778,3.2072013,1.3775775,1.2504383,1.2783433,2.5383747,4.2952664,3.9098241,17.158871,12.143943,13.244162,74.27221,90.628003,87.089878,50.891198,88.004297,79.975901,22.175415,84.936815,71.360116,83.559247,98.904849,95.585251,85.360874,97.199283,94.63837,1
Peru,2022,2005.0,Juntos,5.4780059,8.4628411,6.5641977,10.761248,7.5918327,11.206186,5.6198236,10.3771,84.374005,78.738894,99.210035,99.078823,94.086904,97.1258,35.859877,53.020283,98.767007,99.422269,85.16676,96.679259,58.312987,85.127757,Juntos,84.645847,62.845564,67.454921,2.9339316,3.3090331,3.2287288,1.3647972,1.2551357,1.2786128,2.5841648,5.310203,4.7265939,16.979963,11.893853,12.982723,74.08587,90.032856,86.661095,49.549734,87.424137,79.416139,22.739756,84.364998,71.335227,84.954727,98.71833,95.808214,86.160024,97.276907,94.926402,1
