country,year,year_cct,cct_name,years_edu_all_rural,years_edu_all_urban,years_edu_adult25_65_rural,years_edu_adult25_65_urban,years_edu_male_adult25_65_rural,years_edu_male_adult25_65_urban,years_edu_female_adult25_65_rural,years_edu_female_adult25_65_urban,enrollment3_5yo_rural,enrollment3_5yo_urban,enrollment6_12yo_rural,enrollment6_12yo_urban,enrollment13_17yo_rural,enrollment13_17yo_urban,enrollment18_23yo_rural,enrollment18_23yo_urban,literacy15_24_rural,literacy15_24_urban,literacy25_65_rural,literacy25_65_urban,literacy65_more_rural,literacy65_more_urban
Argentina,2003,2009.0,Asignación Universal por Hijo,,8.0611183,,10.427038,,10.290716,,10.547732,,87.333555,,98.718117,,89.236774,,46.690279,,99.249761,,98.752456,,96.550336
Argentina,2004,2009.0,Asignación Universal por Hijo,,8.1766639,,10.506157,,10.410539,,10.592085,,87.680764,,98.662458,,89.207164,,46.707872,,99.296411,,98.731048,,96.761274
Argentina,2005,2009.0,Asignación Universal por Hijo,,8.2615006,,10.604939,,10.475556,,10.720438,,89.887778,,99.058267,,91.469293,,46.212971,,99.380197,,98.857096,,96.79008
Argentina,2006,2009.0,Asignación Universal por Hijo,,8.3198619,,10.714486,,10.534705,,10.874052,,90.938515,,99.115027,,90.469421,,47.39092,,99.470696,,98.76588,,96.955891
Argentina,2007,2009.0,Asignación Universal por Hijo,,8.4053779,,10.78293,,10.650444,,10.899619,,88.522992,,98.778397,,89.303243,,46.183839,,99.465937,,98.686729,,97.278212
Argentina,2008,2009.0,Asignación Universal por Hijo,,8.4914836,,10.896238,,10.754377,,11.023512,,92.226093,,98.6011,,89.50405,,47.787933,,99.571171,,98.88709,,96.971303
Argentina,2009,2009.0,Asignación Universal por Hijo,,8.5703146,,10.976228,,10.786975,,11.144773,,93.229252,,98.123711,,90.496265,,46.979444,,99.468569,,98.987845,,97.551154
Argentina,2010,2009.0,Asignación Universal por Hijo,,8.6885504,,11.131731,,10.919936,,11.322586,,95.60891,,99.095021,,91.735583,,48.00032,,99.523061,,99.236635,,97.354973
Argentina,2011,2009.0,Asignación Universal por Hijo,,8.7599721,,11.20345,,10.988961,,11.401337,,94.209636,,99.248586,,90.822185,,50.431028,,99.470052,,99.271419,,97.181979
Argentina,2012,2009.0,Asignación Universal por Hijo,,8.8386938,,11.301034,,11.098734,,11.486108,,95.865964,,99.179377,,91.548519,,49.735189,,99.466414,,99.254892,,97.653819
Argentina,2013,2009.0,Asignación Universal por Hijo,,8.8848839,,11.322075,,11.155598,,11.47301,,92.507029,,99.08165,,91.385943,,48.055694,,99.486642,,99.168654,,97.992998
Argentina,2014,2009.0,Asignación Universal por Hijo,,8.9113324,,11.293558,,11.079652,,11.484794,,95.478953,,98.965464,,92.498357,,49.332831,,99.518913,,99.326301,,97.574643
Argentina,2016,2009.0,Asignación Universal por Hijo,,9.0541735,,11.424408,,11.153558,,11.66609,,95.95211,,98.583767,,92.496953,,49.390251,,99.531562,,99.319702,,97.542943
Argentina,2017,2009.0,Asignación Universal por Hijo,,9.1223139,,11.507298,,11.239667,,11.748062,,94.754409,,99.006428,,93.755029,,51.17634,,99.532799,,99.188344,,97.688517
Argentina,2018,2009.0,Asignación Universal por Hijo,,9.2194599,,11.61037,,11.311727,,11.878194,,96.614769,,99.237031,,94.37513,,52.076493,,99.293007,,99.131899,,97.890494
Argentina,2019,2009.0,Asignación Universal por Hijo,,9.3511952,,11.724569,,11.439197,,11.986682,,96.898505,,99.23523,,94.88878,,53.128879,,99.304075,,99.208747,,97.70288
Argentina,2020,2009.0,Asignación Universal por Hijo,,9.2281914,,11.66873,,11.30682,,11.988597,,92.100661,,99.182294,,95.720271,,50.333123,,99.232593,,99.362759,,98.265596
Argentina,2021,2009.0,Asignación Universal por Hijo,,9.4568396,,11.956618,,11.6303,,12.264162,,96.82066,,99.254773,,96.32954,,56.477119,,99.507688,,99.387317,,98.249115
Argentina,2022,2009.0,Asignación Universal por Hijo,,9.5,,11.9,,11.6,,12.2,,98.9,,99.5,,96.3,,53.8,,99.6,,99.5,,98.3
Bolivia,2011,,,4.9840648,8.785135,5.3326249,10.727882,6.3081132,11.44778,4.3713147,10.065052,38.888955,42.962221,95.483297,97.987261,81.167175,92.021824,26.022441,58.324822,98.228201,99.310445,82.919456,96.796421,46.417857,80.851342
Bolivia,2012,,,5.0841179,8.802974,5.782826,10.875645,6.8164559,11.607497,4.7981742,10.225059,34.122283,48.323894,96.466965,98.376033,83.789959,94.513848,23.284293,58.329887,98.570917,99.60561,83.686289,96.861607,45.542884,79.594422
Bolivia,2013,,,5.1721254,9.5557371,5.6809604,11.502992,6.6315376,12.142646,4.8004482,10.915037,38.219744,51.66923,96.436029,97.652123,86.680213,93.928006,27.440419,60.748917,98.433555,99.615754,84.744884,97.33764,50.601712,83.563346
Bolivia,2014,,,4.9684995,8.902495,5.3856868,10.818898,6.3911257,11.413294,4.3673835,10.280057,40.040856,51.691053,96.562768,97.764222,78.284191,91.614593,25.142152,54.884521,99.151547,99.538322,86.137755,97.732876,51.410526,81.669354
Bolivia,2015,,,5.4301996,8.9881627,5.7643062,10.823325,6.7175259,11.495142,4.8022117,10.202781,,,96.73215,95.949904,83.756465,91.717692,25.516718,52.740482,98.744764,99.6329,85.369914,96.739495,50.720576,80.259835
Bolivia,2016,,,5.1206733,8.9354903,5.8031495,10.974902,6.8296968,11.598447,4.7998438,10.409554,46.399669,61.746798,96.619723,98.239834,87.35124,94.677101,25.06756,57.786586,98.888856,99.591345,82.962738,96.970588,45.832984,80.794482
Bolivia,2017,,,5.1180396,9.0951339,5.9043504,11.232856,6.850759,11.762444,4.9740315,10.753282,47.436234,57.855679,98.156373,98.147335,93.423182,96.717668,,59.273425,98.928698,99.516561,83.404884,96.875198,42.472813,81.093851
Bolivia,2018,,,5.3639442,9.0863413,6.2740289,11.205047,7.2416827,11.728613,5.3260533,10.729478,47.166474,59.330456,98.839582,98.921295,89.700358,97.324476,27.939962,62.826765,99.423849,99.61709,87.211917,97.882748,45.443612,84.276237
Bolivia,2019,,,5.6204455,9.1498702,6.6802756,11.399012,7.6069351,11.933933,5.7808463,10.91807,52.31032,65.17585,98.24264,99.00343,87.1047,95.57072,23.68738,65.57506,99.089333,99.667519,89.428608,98.241919,58.339493,87.631477
Bolivia,2020,,,5.4713708,9.5140274,6.195663,11.742754,7.0956995,12.182218,5.3115716,11.349657,53.555259,61.830198,96.875257,98.378017,89.069286,96.669582,35.781696,59.202413,99.43516,99.596914,88.696717,98.214724,58.579488,88.348449
Bolivia,2021,,,6.0675053,9.1928151,7.156425,11.428304,8.076902,11.931629,6.2599627,10.974324,59.060384,63.496144,99.239513,98.575826,93.261431,96.919812,34.984946,61.108591,99.178138,99.634036,91.873125,98.135418,58.781788,85.747477
Brazil,1995,2003.0,Bolsa Família,2.1432124,4.6485204,2.7493926,6.2365784,2.653688,6.2977647,2.8506898,6.1823309,18.81171,39.088686,81.184814,92.189082,59.34496,78.932728,17.443082,32.947084,81.733552,95.686832,65.513365,88.528807,34.192966,64.814113
Brazil,1996,2003.0,Bolsa Família,2.3038917,4.8138107,2.8987419,6.3914669,2.7870668,6.4444045,3.0151012,6.3446806,18.995706,39.829398,81.826327,92.985171,61.652356,81.443829,18.776898,34.144446,83.361441,96.054682,66.735641,89.324404,36.954701,65.723337
Brazil,1997,2003.0,Bolsa Família,2.3204565,4.9014163,2.8670183,6.4985548,2.7536881,6.5276263,2.988061,6.4726453,24.770391,41.961145,85.974662,93.649793,69.10548,83.101399,19.638424,35.117964,83.63363,96.128739,65.494552,89.455219,36.155116,65.781447
Brazil,1998,2003.0,Bolsa Família,2.4593811,5.0876263,3.0278056,6.6587273,2.8900055,6.6932236,3.174819,6.6281076,25.28459,42.182996,89.360326,94.858636,73.516967,85.392828,24.809333,37.545599,85.850858,96.690547,67.474175,90.135039,36.948168,67.168326
Brazil,1999,2003.0,Bolsa Família,2.6417076,5.2039153,3.1352999,6.7432378,3.015831,6.7266922,3.2613757,6.757945,27.179409,44.802606,91.802745,95.660421,77.046798,86.734265,27.172448,39.388947,87.564356,97.011493,68.451597,90.493144,37.136574,67.51924
Brazil,2001,2003.0,Bolsa Família,2.6844037,5.4294566,3.029748,6.9426803,2.8409051,6.901712,3.2345917,6.979193,28.932743,48.784373,93.160343,96.301367,79.456438,88.195447,28.393644,38.587312,87.952949,97.248802,68.612829,90.614218,40.238002,68.272845
Brazil,2002,2003.0,Bolsa Família,2.8622587,5.6030651,3.1981791,7.1230087,3.0131719,7.0616223,3.4010778,7.1774238,29.378818,50.535356,93.624395,96.609157,80.879495,88.705017,28.670929,38.509475,89.69185,97.532494,69.476977,91.055687,39.889246,69.631845
Brazil,2003,2003.0,Bolsa Família,3.0460503,5.7656433,3.3674067,7.2759024,3.1545459,7.2180897,3.5999663,7.3270112,31.030576,51.477809,93.697588,96.948103,81.856432,89.151274,29.163135,38.46078,90.51211,97.742188,69.973294,91.408503,40.63577,69.456364
Brazil,2004,2003.0,Bolsa Família,3.1384228,5.8979542,3.4838027,7.4363337,3.2717149,7.3447838,3.7160342,7.5170591,33.130213,55.744023,94.005805,97.035497,80.221386,89.218613,27.841241,36.937942,91.526625,97.913997,71.292232,91.554438,42.079578,70.520058
Brazil,2005,2003.0,Bolsa Família,3.2816065,6.0407217,3.6329876,7.5793051,3.3747751,7.4955972,3.9159375,7.6532918,34.735471,57.518157,94.792314,97.456024,81.003872,89.273734,27.442623,36.288103,92.57286,98.076993,72.070313,91.930426,42.686974,71.035438
Brazil,2006,2003.0,Bolsa Família,3.4381604,6.2247019,3.8418371,7.8061852,3.5811295,7.7044677,4.1292323,7.8962178,39.035305,61.428933,95.540031,97.857787,81.950372,89.549998,27.728077,36.553658,93.613806,98.361924,73.301879,92.570307,44.743488,72.689557
Brazil,2007,2003.0,Bolsa Família,3.5886093,6.324574,4.0201456,7.9460416,3.7567314,7.8310603,4.3094988,8.0476715,43.248266,63.437487,96.34593,97.689446,83.662519,89.763086,26.957979,35.922569,94.547952,98.447986,74.715245,92.935891,44.197514,73.858708
Brazil,2008,2003.0,Bolsa Família,3.7363312,6.4815591,4.25546,8.1370638,3.9148973,8.0131329,4.6268533,8.2463595,45.622053,65.685583,96.987998,98.146649,85.857544,90.655064,26.113481,35.455037,94.650054,98.47591,75.060555,93.199766,44.477519,74.169943
Brazil,2009,2003.0,Bolsa Família,3.8555969,6.5990085,4.4374955,8.2919712,4.143192,8.1651762,4.7606695,8.403976,50.109128,67.015444,97.212721,98.125695,87.594904,91.232916,27.123919,35.243383,95.464115,98.566579,76.2777,93.483964,45.082322,74.107913
Brazil,2011,2003.0,Bolsa Família,3.9221131,6.7617338,4.4808599,8.4560135,4.1013396,8.2715711,4.8876985,8.6199623,51.559052,69.74022,97.779352,98.624431,88.063881,91.231004,25.960314,34.289739,96.376254,98.857255,78.259851,94.408458,49.095674,76.383936
Brazil,2012,2003.0,Bolsa Família,4.1161905,6.9544338,4.7170894,8.739488,4.3956484,8.5755581,5.0698436,8.8893309,83.15038,90.052038,98.062326,98.503227,88.958062,92.535973,25.198541,36.242171,96.34785,98.974383,78.591447,94.668431,47.403843,76.71434
Brazil,2013,2003.0,Bolsa Família,4.2477184,7.0862732,4.87208,8.8916927,4.5090538,8.7215221,5.2766278,9.0469203,84.059072,92.018014,98.24955,98.756887,90.065023,92.887165,25.92032,35.949377,97.03158,99.046327,79.490708,94.922446,48.62807,77.964086
Brazil,2014,2003.0,Bolsa Família,4.4495344,7.201568,5.1393314,9.0428831,4.7371964,8.8167892,5.5828547,9.2498124,88.670721,91.91672,98.651879,98.898085,90.451731,92.846323,25.852382,37.594845,97.37921,99.090435,80.489151,95.288575,49.631715,78.437143
Brazil,2015,2003.0,Bolsa Família,4.5922463,7.3240541,5.3640439,9.2053764,4.9499938,9.0001638,5.8175306,9.3933363,87.126373,92.867635,98.879696,99.042894,90.473862,93.691639,25.320619,36.621812,97.333587,99.05951,81.528195,95.498799,50.355898,79.247103
Brazil,2016,2003.0,Bolsa Família,4.6783579,7.4288889,5.4599911,9.324335,5.0452683,9.1028396,5.9140348,9.5275665,92.688779,94.931332,99.158662,99.356921,91.178502,94.238313,23.890472,37.690659,98.063408,99.246685,82.17662,95.856972,52.207235,80.89459
Brazil,2017,2003.0,Bolsa Família,4.7715578,7.5381778,5.5961885,9.4661359,5.1468051,9.2410173,6.0959944,9.672213,93.740135,95.234854,99.31153,99.281726,91.417173,94.429672,23.91844,37.81883,97.978024,99.337207,83.057587,95.915436,52.787684,81.223393
Brazil,2018,2003.0,Bolsa Família,4.9448807,7.6923848,5.8068933,9.6794484,5.3626878,9.4326459,6.296472,9.9058103,94.839668,95.580319,99.053866,99.398526,92.045467,95.199287,23.961101,38.526149,97.850748,99.258311,83.694728,96.170167,55.481201,82.135814
Brazil,2019,2003.0,Bolsa Família,4.9791445,7.7866007,5.9318068,9.761841,5.4342647,9.503206,6.4844963,9.9993392,93.561081,95.387461,99.346541,99.527442,91.844932,95.381429,24.565334,38.386974,98.087902,99.265481,84.152733,96.281214,54.849964,83.070771
Brazil,2020,2003.0,Bolsa Família,5.3440762,7.9697145,6.4100045,10.033252,5.9074779,9.7665866,6.9633173,10.278438,84.61094,86.59728,99.21906,99.277777,94.27157,96.889436,25.64112,39.074891,98.475844,99.366128,87.228518,96.982259,59.356318,84.91794
Brazil,2021,2003.0,Bolsa Família,5.3529303,8.0321873,6.4473649,10.129007,5.9737715,9.8899765,6.9786132,10.348607,80.320132,79.659077,98.572147,98.740545,95.696053,97.150836,27.354757,39.456886,98.755173,99.364116,87.578701,97.066704,61.377331,86.174555
Brazil,2022,2003.0,Bolsa Família,5.2590834,8.0235844,6.3095295,10.089915,5.8343817,9.8269054,6.8401644,10.332086,94.825377,95.090093,99.08895,99.210548,93.75929,96.219896,23.077699,35.536962,98.036764,99.302323,86.342352,96.719529,59.549242,85.131938
Chile,1987,2002.0,Chile Solidario,4.5016366,7.1705264,5.3107923,9.1165857,5.3800664,9.4973413,5.2367453,8.7912114,9.2588376,35.209943,91.992943,97.257849,65.5843,89.957252,8.5353076,32.69875,95.793159,98.642891,84.220448,96.154083,59.880066,86.184192
Chile,1990,2002.0,Chile Solidario,4.8288586,7.2928774,5.9614724,9.566399,6.0096369,9.8919901,5.9088506,9.2862379,10.387079,35.995091,92.43285,97.876566,63.14586,88.403159,10.859562,34.120085,96.273509,98.94858,86.0742,96.932157,62.065385,87.733376
Chile,1992,2002.0,Chile Solidario,4.6904935,6.8456016,5.7413794,8.9793979,5.8150518,9.1753994,5.6645653,8.8119449,13.884672,38.044387,93.035314,98.140747,68.017012,89.910744,15.471765,39.094225,96.951252,99.107047,87.147246,96.997396,59.26159,87.263065
Chile,1996,2002.0,Chile Solidario,4.9482319,7.6227419,6.0696081,10.087216,6.0640856,10.373124,6.0756008,9.8326169,17.984312,44.511255,94.169075,98.979311,77.11942,91.109333,20.020772,43.00999,97.55595,99.160724,87.278278,97.240853,60.768474,87.688826
Chile,1998,2002.0,Chile Solidario,5.1263842,7.8059289,6.2534925,10.335039,6.2461791,10.580507,6.2613221,10.117184,21.707049,45.97572,95.909082,98.916659,78.661422,91.118872,21.356152,43.821328,96.994156,99.100977,87.252656,97.405287,57.082141,89.151078
Chile,2000,2002.0,Chile Solidario,5.3699715,8.020675,6.5019414,10.639535,6.4935324,10.880766,6.510909,10.422748,23.518493,49.738015,96.65208,98.905647,82.598661,93.67821,23.60513,43.395724,98.097468,99.245023,89.056134,97.819471,64.483171,90.422675
Chile,2003,2002.0,Chile Solidario,5.7882699,8.3476455,6.9516472,10.847908,7.0110196,11.063742,6.8889265,10.653169,33.93996,55.147623,97.727563,99.271624,88.136483,95.122163,25.024349,46.352416,98.253379,99.231231,89.873249,97.639232,64.682689,89.588426
Chile,2006,2002.0,Chile Solidario,6.2739997,8.4756612,7.5077371,10.791511,7.4894872,11.001525,7.5261891,10.602867,43.305965,65.861286,98.164596,99.031782,90.919794,94.515068,27.886802,46.504237,98.364616,99.216099,91.141885,97.834752,67.435101,89.059791
Chile,2009,2002.0,Chile Solidario,6.6056748,8.7533395,7.9955861,11.081901,7.9821362,11.253962,8.0091739,10.931303,45.347233,69.23535,98.466353,99.172903,94.051945,95.629711,32.391381,48.028439,98.987671,99.408694,92.971382,98.014058,70.8854,90.770295
Chile,2011,2002.0,Chile Solidario,6.7946359,8.889947,8.1833584,11.227601,8.2084133,11.381628,8.1585374,11.096317,58.473205,73.933032,99.073474,99.283682,94.974839,96.496144,33.79958,51.130449,99.207135,99.434249,93.533388,98.011618,73.164777,91.89646
Chile,2013,2002.0,Chile Solidario,6.9357382,9.0856285,8.4499593,11.600369,8.3811617,11.747815,8.5165464,11.47519,64.211098,78.38053,99.137772,99.477389,95.833882,96.234277,39.177708,56.950078,98.454841,99.138408,92.955554,97.683491,72.449129,91.913411
Chile,2015,2002.0,Chile Solidario,7.3139648,9.2884993,9.0419039,11.846871,8.9635857,11.981044,9.1173043,11.733664,68.925996,80.683725,99.441551,99.494051,96.604931,97.53398,47.695227,58.318809,99.204242,99.373205,94.644711,98.257935,76.914679,92.269838
Chile,2017,2002.0,Chile Solidario,7.5076289,9.5414423,9.3213821,12.084078,9.2209615,12.165564,9.4182014,12.014509,68.995504,80.106876,99.610316,98.886174,98.326118,97.733013,48.316134,59.411929,98.729472,99.045684,94.112279,97.683495,77.916211,92.593224
Chile,2022,2002.0,Chile Solidario,8.2777648,10.177158,10.309608,12.862986,10.123658,12.88726,10.511448,12.839276,63.676728,76.089604,99.282955,99.255994,98.835864,98.721077,54.856019,63.311583,98.931176,99.350325,95.319353,98.497605,82.404226,93.410298
Colombia,2001,2001.0,Familias en Acción,3.7739337,7.1110007,4.145856,8.4186371,4.0034589,8.5223623,4.3040594,8.3299762,55.443884,79.574067,87.449067,95.247937,58.994866,84.245709,12.878101,30.484695,94.548875,98.288743,84.012753,96.303312,56.976288,82.037849
Colombia,2002,2001.0,Familias en Acción,3.9164456,7.1120477,4.3163762,8.5002392,4.3001381,8.6921504,4.334127,8.3319214,66.169681,80.934986,91.546198,95.863269,62.862402,82.66802,10.343065,30.882945,93.843892,98.070856,83.319674,95.600348,55.990978,82.703536
Colombia,2003,2001.0,Familias en Acción,4.0082917,7.1961526,4.3580541,8.5527049,4.3506777,8.6968345,4.3661976,8.4278241,63.725107,82.150517,92.223745,95.898685,63.975327,85.12369,12.700437,31.817197,93.718957,98.807502,82.880711,95.878853,60.530827,80.330005
Colombia,2004,2001.0,Familias en Acción,4.2943576,7.3057574,4.6143631,8.6762326,4.6534513,8.8099285,4.5700384,8.5594173,64.584327,82.361584,92.562736,96.520808,68.227645,85.847823,13.406958,31.87469,95.511367,98.675266,85.551308,95.807576,53.825437,80.63984
Colombia,2005,2001.0,Familias en Acción,4.208059,7.5225972,4.4691141,8.9516668,4.3253442,9.0853685,4.6308596,8.8350008,67.015703,82.590551,92.806598,97.52363,63.09009,87.940744,11.667308,34.162276,94.813768,98.82952,85.926735,96.548096,58.230356,82.954242
Colombia,2008,2001.0,Familias en Acción,4.1899474,7.4674229,4.5216505,9.1298886,4.3896672,9.2281552,4.6716164,9.0439782,69.148099,85.134385,94.082134,97.447368,76.639444,88.662023,15.186021,38.132372,95.324093,98.856418,84.851211,96.500386,58.621443,82.489624
Colombia,2009,2001.0,Familias en Acción,4.216148,7.3809218,4.5674156,8.9850009,4.4589439,9.017259,4.6899643,8.9568143,69.585358,84.108514,95.150651,96.79043,76.750876,88.791818,16.365621,36.532486,95.451928,98.75839,85.43237,96.179385,58.680615,81.549242
Colombia,2010,2001.0,Familias en Acción,4.3186374,7.5041869,4.6461492,9.1302372,4.4948273,9.1789339,4.8181175,9.0875772,69.251415,85.802613,95.252145,97.05561,76.128232,89.15044,16.752509,37.834699,95.947685,98.798965,85.722396,96.245413,58.196526,81.756345
Colombia,2011,2001.0,Familias en Acción,4.4027901,7.593256,4.7423975,9.2555797,4.6521072,9.266314,4.8443138,9.24616,70.654081,86.080487,94.60063,97.042412,77.083426,88.818715,17.203949,37.270417,96.131431,98.895507,85.564202,96.390854,60.501448,83.49033
Colombia,2012,2001.0,Familias en Acción,4.4643898,7.6674613,4.8573918,9.3465415,4.6929462,9.3625285,5.0430116,9.3324698,77.869874,90.193467,94.753125,97.194442,76.148546,88.782654,15.969708,37.368949,95.678689,98.920811,85.090946,96.430553,61.06258,83.25234
Colombia,2013,2001.0,Familias en Acción,4.5944001,7.8351175,5.0397079,9.5558758,4.8412688,9.5310973,5.2642888,9.5777292,80.452539,91.834488,96.332087,97.54865,78.414975,89.46296,16.705866,39.658385,95.937495,98.960359,85.264284,96.708596,61.401355,84.33515
Colombia,2014,2001.0,Familias en Acción,4.7390212,7.9362137,5.2424487,9.6882184,5.0024892,9.6550886,5.5133543,9.7175923,81.534125,91.489376,96.114807,97.451473,80.03548,89.45996,18.819224,39.949687,96.974307,98.989667,87.177781,96.870838,62.648601,84.938613
Colombia,2015,2001.0,Familias en Acción,4.8232216,7.9817278,5.3533465,9.7472712,5.1351385,9.7087472,5.601462,9.7815026,83.512443,91.160679,96.171135,97.49379,79.908462,89.725937,17.262028,40.252445,96.865306,99.023135,87.004867,97.015011,62.653122,85.342702
Colombia,2016,2001.0,Familias en Acción,4.9940049,8.1036831,5.6146261,9.8984672,5.3377162,9.836462,5.9277616,9.9538094,80.703067,91.082035,96.873523,97.593391,81.023385,90.380188,17.800494,40.478036,97.318905,99.064646,88.307515,97.288716,64.747401,86.184833
Colombia,2017,2001.0,Familias en Acción,5.0401783,8.1766425,5.7370764,9.9801375,5.4590996,9.9059615,6.0515676,10.046545,80.622047,91.597231,96.58445,97.631893,80.690802,90.448301,17.914759,39.692273,97.136618,99.112446,88.445418,97.351254,65.466926,86.902342
Colombia,2018,2001.0,Familias en Acción,5.1351539,8.3005957,5.8257741,10.133489,5.5348223,10.024629,6.1563073,10.231296,82.918935,90.746769,96.970009,97.188616,82.793651,90.260684,16.409429,39.52979,97.731654,99.177647,89.028803,97.565187,67.035451,87.79938
Colombia,2019,2001.0,Familias en Acción,5.2844852,8.3648094,6.0691164,10.250672,5.7228077,10.137586,6.4607066,10.352474,78.508331,88.864424,96.239952,96.615857,81.779136,90.747277,17.621613,38.859108,97.708927,99.151321,89.855202,97.67045,67.510315,88.182104
Colombia,2020,2001.0,Familias en Acción,5.5446771,8.4438336,6.416009,10.33765,6.092522,10.209696,6.7843532,10.45323,78.03373,84.241551,96.617779,96.034886,84.117241,91.280148,16.225802,37.608367,98.092769,99.248142,90.831323,97.842962,68.142448,89.032343
Colombia,2021,2001.0,Familias en Acción,5.6482792,8.4921305,6.5127513,10.442773,6.2271508,10.316659,6.8348939,10.55688,72.999213,81.676344,95.86789,95.332893,84.495053,90.782837,18.794136,37.894795,98.272864,99.281801,91.225017,97.910578,68.405622,88.842139
Costa Rica,2006,,,5.6855533,7.9262912,6.6836814,9.4976156,6.6133315,9.5178244,6.7527066,9.4799793,28.071887,34.342019,98.020211,98.844693,71.478554,86.067016,31.151815,51.943292,97.532728,98.635683,92.308792,97.333643,60.863812,83.49229
Costa Rica,2007,,,5.7843389,8.0437042,6.7658279,9.6433683,6.7022073,9.7151499,6.8264185,9.5792967,26.782884,38.106248,97.788104,99.365879,74.385496,87.694756,32.188767,50.209595,97.278553,98.90947,92.710771,97.326091,60.993343,83.37008
Costa Rica,2008,,,5.9887596,8.138241,6.961533,9.6879469,6.8814405,9.7306786,7.0394856,9.651397,31.121882,40.285446,98.403507,99.251354,77.251012,88.541426,33.741197,53.089923,97.425115,98.867242,92.880001,97.082266,63.782363,84.769211
Costa Rica,2009,,,6.1729826,8.2573526,7.0351218,9.7621049,6.9445727,9.7511515,7.1230558,9.7716905,35.334306,38.066457,98.652478,99.286231,80.809451,88.518979,37.65099,55.099229,97.654425,99.031194,93.113267,97.547915,64.984333,84.544832
Costa Rica,2010,,,5.6359407,7.8469188,6.7121699,9.5421453,6.5912212,9.5323582,6.8299159,9.5507592,28.682877,39.165231,98.218152,99.542495,78.826074,89.075537,39.236208,52.684358,97.287695,98.929477,91.503282,96.545279,63.84727,85.612721
Costa Rica,2011,,,5.8164801,7.9217355,6.8838277,9.6381778,6.7718105,9.6123246,6.9919993,9.661056,29.189405,39.261865,98.648274,99.531727,79.867006,89.813082,38.727343,56.911564,98.113761,98.998756,92.398931,97.283194,65.952738,84.847716
Costa Rica,2012,,,5.9731992,8.0282974,6.982966,9.6828659,6.9124563,9.621899,7.0512722,9.7366506,30.615936,42.463583,98.429849,99.081409,81.285634,90.184689,40.456949,57.852229,97.800744,99.22124,92.610816,96.988276,65.775104,85.615547
Costa Rica,2013,,,6.030054,8.1514771,7.0498352,9.7743006,6.9507454,9.7665033,7.1451607,9.7811609,35.011745,48.340858,97.897572,99.743128,84.31795,91.218862,43.124409,57.91905,98.224512,99.439631,92.552488,97.186921,67.593187,85.774967
Costa Rica,2014,,,6.0957291,8.1602254,7.1870742,9.7115507,7.0290088,9.7042704,7.3405249,9.7179633,34.567557,46.589426,98.853664,99.422085,84.830102,93.348359,42.423058,57.97243,98.705954,99.354069,92.787939,97.236916,67.841614,86.465842
Costa Rica,2015,,,6.0650984,7.8974919,7.1372907,9.5427648,6.8426027,9.4925282,7.4244852,9.5873828,29.139239,44.379129,98.296633,99.495989,85.530319,91.063525,43.167358,56.051669,98.865742,99.27071,93.247297,97.302439,66.437907,84.899284
Costa Rica,2016,,,5.9914457,7.9437089,7.0904193,9.5625136,6.8129282,9.4825335,7.3537032,9.6336368,37.313193,46.217039,98.540755,99.395383,85.19883,91.831651,43.834682,57.173283,98.110919,99.450193,92.785684,96.982817,65.977247,85.830392
Costa Rica,2017,,,6.1436436,7.9809653,7.1977591,9.6105518,6.8892632,9.5604662,7.4908292,9.6542443,43.838987,49.982056,98.802776,99.195483,88.493743,93.208415,48.159712,56.887916,98.516389,99.308783,92.806885,97.24226,67.143602,87.573736
Costa Rica,2018,,,6.2289627,8.0994168,7.2985392,9.6802338,7.0226825,9.5585621,7.561473,9.7860702,50.646027,63.561386,99.214569,99.657039,89.197223,93.166617,47.823001,56.795251,98.262321,99.241324,93.507226,97.094632,71.431899,88.357456
Costa Rica,2019,,,6.3307367,8.2269605,7.3792061,9.8281864,7.1426933,9.7268483,7.5967529,9.916529,55.600144,65.258609,99.409569,99.588441,92.15853,95.559835,50.209049,58.867852,99.214983,99.522235,93.008621,97.233427,74.396201,88.533008
Costa Rica,2020,,,6.5369893,8.2343901,7.5288085,9.7742,7.2470316,9.6766416,7.796722,9.858312,54.783819,57.599575,99.380486,99.441123,95.522001,97.250655,51.351312,58.981722,99.274467,99.690432,93.443094,97.284427,76.909091,89.169485
Costa Rica,2021,,,6.623604,8.4643005,7.622541,9.9325515,7.3179134,9.7886934,7.9130291,10.05895,53.418575,57.519431,99.49862,99.585158,96.326799,97.567945,52.734287,59.524414,99.420547,99.626853,93.693496,97.472687,77.169198,91.040281
Costa Rica,2022,,,6.6392616,8.5607982,7.641234,9.99554,7.3912506,9.7910638,7.870604,10.167829,54.003018,65.391366,99.370593,99.654525,95.630828,98.232855,45.053673,56.864669,99.470638,99.59686,92.971476,97.622726,76.76877,90.244434
Costa Rica,2023,,,6.7740492,8.6700024,7.8814444,10.119732,7.7038647,9.9673765,8.045262,10.249348,54.612101,58.894266,99.099957,99.655104,94.685332,96.9457,45.389622,56.84943,99.5701,99.369191,94.016703,97.6428,78.376318,90.833292
Dominican Rep.,2000,,,4.3457597,6.9470486,5.0110527,8.6044422,5.2036482,8.6751446,4.8089758,8.5422447,38.093507,62.813665,94.555749,97.085674,88.136352,91.735039,35.959699,53.226831,90.034875,97.522362,77.768892,92.797916,44.219447,68.614542
Dominican Rep.,2001,,,4.5076753,6.9751292,5.1340632,8.6050606,5.0951113,8.6836564,5.1756301,8.53539,47.025624,63.742106,95.414207,96.772249,87.728887,91.91342,35.053535,51.343223,92.611403,96.993241,76.352212,92.445088,42.131177,67.988328
Dominican Rep.,2002,,,4.7612886,7.1739948,5.3559832,8.8480693,5.1983417,8.9126006,5.5240541,8.7917251,58.430535,72.277092,95.306001,97.059596,85.813414,93.298798,38.237059,54.115785,92.040075,96.830173,78.178269,92.619741,46.879962,69.90684
Dominican Rep.,2003,,,5.0282148,7.228776,5.8444023,8.9060612,5.7353049,8.9081396,5.9645818,8.9042178,62.23645,69.343366,95.877411,97.065771,88.025519,93.868024,39.163692,50.762967,92.326706,97.422709,80.946681,92.859121,50.884168,72.373232
Dominican Rep.,2004,,,5.2507425,7.3843087,6.104804,8.9819549,5.9939678,8.9187052,6.2203611,9.0371144,62.903379,72.451025,97.986311,97.143509,89.968563,92.8183,40.043649,53.793485,91.885625,97.497611,82.86703,92.739961,56.631126,73.754231
Dominican Rep.,2005,,,5.1854565,7.318836,5.9251219,8.9209405,5.7460921,8.8634779,6.1186331,8.9729348,65.645805,73.000835,97.650338,97.283689,89.129591,92.588798,37.293987,52.702813,93.864567,98.008854,81.501264,92.760108,56.88228,73.478718
Dominican Rep.,2006,,,5.3965344,7.4190233,6.206227,9.0810156,6.0011974,8.9650685,6.4257691,9.1866472,63.071144,69.528606,97.642157,97.566058,89.548518,91.460117,40.296099,52.729794,94.449461,97.475673,82.266553,92.963255,57.484205,74.005172
Dominican Rep.,2007,,,5.6642606,7.5955368,6.4643129,9.1930083,6.3276483,9.1103133,6.6051939,9.2687088,53.950949,67.345344,97.556255,97.075413,89.809673,93.579403,41.737401,53.399793,95.640152,98.283357,85.129419,92.915753,56.419924,74.009864
Dominican Rep.,2008,,,5.4251045,7.7019291,6.0152937,9.2698522,5.8572754,9.0916758,6.1836659,9.4336429,61.09205,65.927316,96.554506,97.34712,89.192443,93.150563,34.303908,53.975533,93.765022,97.600185,81.477754,92.650479,54.944247,74.516902
Dominican Rep.,2009,,,5.544418,7.7578988,6.1489172,9.3771588,5.9137188,9.30285,6.4086596,9.4423738,53.477887,71.290663,96.931865,98.343976,89.785791,92.556115,35.651558,50.772124,95.348473,98.052141,81.588707,92.597859,57.938645,75.335903
Dominican Rep.,2010,,,5.7002505,7.8394991,6.3481828,9.3912475,5.9929352,9.2011258,6.7289407,9.562937,58.565191,69.788798,96.798346,96.769277,90.129845,91.770246,36.240347,54.865639,94.771787,97.813316,82.707774,92.776492,58.016275,76.693813
Dominican Rep.,2011,,,5.8119037,7.8997938,6.435251,9.4083915,6.1290226,9.2236678,6.7765493,9.5730233,62.400249,67.341506,97.920261,97.269,89.581389,92.17858,38.627509,53.716339,95.387163,98.260447,82.958682,93.328922,61.629635,80.121995
Dominican Rep.,2012,,,5.890105,7.9464361,6.5193776,9.6451808,6.1668226,9.4384131,6.9017544,9.8265516,62.095691,65.325422,98.097112,97.209065,90.175084,93.853896,34.718897,48.308687,95.547093,97.893894,85.073765,93.813869,62.818212,80.492334
Dominican Rep.,2013,,,5.9872171,8.0567178,6.6187912,9.6450423,6.3096536,9.4071581,6.9461941,9.8587343,62.198933,69.361066,97.641174,98.054458,91.738132,94.737332,36.838889,49.109423,95.335778,98.535713,84.948084,93.68872,65.556245,82.448115
Dominican Rep.,2014,,,6.1558984,8.2821662,6.7326516,9.7918701,6.3620848,9.5350373,7.1259687,10.031244,59.599706,67.009979,97.301474,97.260928,91.897254,94.160423,35.940625,51.84221,95.884692,98.74804,85.777969,94.823959,68.068016,83.845609
Dominican Rep.,2015,,,6.2486883,8.3383617,6.9073707,9.9549003,6.6002898,9.6470985,7.237072,10.22672,51.728342,67.915505,97.651266,98.110247,89.877321,94.071943,36.422034,52.309015,96.629945,98.509701,86.767322,94.570508,69.504229,82.638212
Dominican Rep.,2016,,,6.3293535,8.0905585,7.1722453,9.8258756,6.6752354,9.4038132,7.7054398,10.216034,64.633359,68.881232,98.127037,97.111477,91.585843,92.813278,40.11429,49.187859,97.752035,98.919679,87.827461,94.802481,69.410221,82.083107
Ecuador,2003,,,4.7122158,8.0239421,5.2613336,9.8189846,5.5529717,9.9593503,4.9779839,9.6888307,64.125843,84.801246,94.289942,96.374263,54.758337,79.163867,17.437475,39.500215,94.093841,98.204085,79.657162,95.474022,46.520055,78.634732
Ecuador,2004,,,4.800948,8.1009665,5.318545,9.882575,5.5684487,10.014699,5.0754239,9.7632952,66.711851,88.271749,94.756785,97.049504,58.882524,82.211889,20.228093,42.713472,95.891065,98.503922,81.635597,95.659753,49.266347,79.522953
Ecuador,2005,,,4.8161206,8.255518,5.2619301,10.099742,5.5276104,10.308978,4.9980161,9.9088777,64.720153,85.544826,94.440008,96.634089,61.997057,82.268933,20.357647,41.886141,96.760155,98.955901,82.143781,96.12986,52.108251,81.702662
Ecuador,2006,,,4.9603797,8.2537591,5.4786198,10.056178,5.7822038,10.254021,5.1822774,9.8759438,77.09615,90.57397,96.42619,97.1764,64.08043,84.46251,22.9489,43.41164,96.736727,98.915981,83.053752,96.232351,50.707366,81.093703
Ecuador,2007,,,4.9930016,8.2897407,5.5530681,10.061906,5.7804438,10.293342,5.3310278,9.8564059,72.96553,91.33611,96.26573,97.52918,65.22027,86.63257,23.29687,46.0223,96.907838,99.098748,84.716003,96.667098,51.525346,83.095743
Ecuador,2008,,,5.1734473,8.3744321,5.6296748,10.059739,5.8988809,10.256116,5.374798,9.8886835,79.60189,92.79891,97.24011,98.13346,70.03342,88.05753,26.88345,48.99547,97.387705,98.975738,85.864104,96.629394,54.43085,84.389161
Ecuador,2009,,,5.2791107,8.5567742,5.6934395,10.18302,5.9331263,10.382689,5.4602637,10.009113,82.61454,92.71979,97.46266,98.45339,72.4686,87.8351,29.91162,49.27035,97.920982,99.223081,86.10469,96.826693,54.34304,82.799726
Ecuador,2010,,,5.3834135,8.7206903,5.7739214,10.35144,5.9655938,10.519971,5.5887679,10.204415,82.78408,94.20812,97.55923,99.14992,77.19134,91.92417,30.41669,50.75892,97.730578,99.114872,85.454101,96.83469,53.816344,82.335446
Ecuador,2011,,,5.4809838,8.8506587,6.035521,10.454923,6.2472426,10.601463,5.8322263,10.325828,87.37586,95.72736,98.2845,99.0138,79.31284,91.05547,35.01758,50.13456,97.735822,99.133688,85.754699,97.001228,50.939878,84.928889
Ecuador,2012,,,5.6352024,9.0183245,6.1387381,10.658003,6.3263896,10.811458,5.9629273,10.523399,87.43693,95.97751,98.63328,98.69822,82.46276,92.91172,34.08264,49.0926,98.404123,99.039168,86.928594,97.084639,54.541608,86.534305
Ecuador,2013,,,5.9066481,8.7775154,6.4701428,10.509268,6.6421146,10.603638,6.3065636,10.426088,89.99686,95.56731,98.5997,99.248,84.91977,92.69021,31.42832,46.75911,98.186141,98.800125,88.948559,97.098596,57.910462,83.90139
Ecuador,2014,,,6.222513,8.5998205,6.9640364,10.316427,7.0957561,10.40634,6.8373711,10.236986,93.14462,95.87267,98.92081,99.3581,85.5443,92.36326,26.4518,40.17357,98.959919,99.162455,91.56075,96.958291,57.712616,82.607057
Ecuador,2015,,,6.24033,8.9210355,7.1275659,10.699618,7.3748879,10.661011,6.8881162,10.734731,91.46338,92.57884,99.07805,98.925,86.06143,93.56906,24.1197,41.97445,98.699743,99.319734,90.546345,97.50492,60.208414,84.208936
Ecuador,2016,,,6.3701882,8.844705,7.3334727,10.607138,7.5187497,10.562229,7.1533795,10.647718,89.07959,92.63164,98.76496,99.11678,87.75059,93.62929,24.80823,42.46715,98.714272,99.210328,90.899239,97.422158,58.652343,83.536881
Ecuador,2017,,,6.299844,8.9512041,7.179753,10.76449,7.3758972,10.716036,6.990186,10.808574,87.78608,90.63511,98.89964,98.9967,85.06003,93.61502,25.89149,41.23296,98.911684,99.412852,90.149195,97.422444,55.338869,83.958953
Ecuador,2018,,,6.2646664,8.9322371,6.9477886,10.700403,7.1401106,10.690238,6.7643797,10.709598,84.34771,90.30251,98.88061,98.33814,88.3122,94.08182,31.07633,46.73444,98.705105,99.1675,89.18752,96.990692,57.654851,85.754646
Ecuador,2019,,,6.2413981,8.9940286,6.9247876,10.831099,7.1109404,10.797843,6.749134,10.860937,86.08093,86.50602,99.31716,98.16017,88.45159,92.24989,29.83566,47.26619,98.363045,98.504895,88.879583,97.538994,54.805872,87.703621
Ecuador,2020,,,6.7156756,9.0954862,7.4638799,10.703406,7.7934848,10.502073,7.1503155,10.882065,87.345251,84.156776,98.681952,97.208666,88.030364,91.984913,31.241574,44.618671,98.647289,98.74136,90.039605,97.42153,60.083517,85.342539
Ecuador,2021,,,7.1218443,9.2548968,7.9816617,10.892041,8.0648208,10.826241,7.8998024,10.95056,86.114602,76.974737,98.060855,98.844579,89.137999,93.825378,30.923187,43.577049,99.471967,98.771202,93.005414,96.814899,63.96548,86.581278
Ecuador,2022,,,6.895212,9.099155,7.800681,10.91698,7.953594,10.85079,7.659978,10.97586,74.35124,83.87502,99.24182,99.27413,92.45934,95.17678,28.38103,45.82969,99.68542,99.12889,91.4378,96.7162,60.72243,85.16884
Ecuador,2023,,,6.7582097,8.9564512,7.7235232,10.883286,7.8929491,10.871692,7.5588013,10.893455,78.688438,84.802385,99.04159,98.480407,86.938261,90.234465,26.903417,43.881246,99.383537,99.271909,91.939068,97.381601,64.319877,82.81624
El Salvador,2000,,,3.1839509,6.5144082,3.2630251,8.1359774,3.6236299,8.7359778,2.9516492,7.6664921,26.943823,49.944802,80.649561,91.532167,58.556032,80.938051,13.633149,34.300921,86.596143,96.593533,63.772323,89.26784,29.597027,63.308214
El Salvador,2001,,,3.3103626,6.5475485,3.4907417,8.1404456,3.912576,8.7554372,3.1321885,7.6643341,23.114812,41.589321,79.766879,90.06546,60.758428,82.601209,14.050123,34.483175,88.605937,97.122604,65.786077,89.590274,32.339629,63.568829
El Salvador,2002,,,3.3251247,6.6234388,3.5020176,8.3377487,3.8128475,8.9469334,3.2360946,7.8757817,26.100041,47.181976,82.68368,92.589804,62.033984,83.835303,13.97274,35.463089,88.46466,96.717058,65.295833,89.741958,33.437649,65.141781
El Salvador,2003,,,3.4627986,6.670572,3.7799838,8.453625,4.1546651,8.9862774,3.4584821,8.0283853,28.060206,50.80334,83.819474,91.728944,60.930458,81.761107,13.198612,33.832358,86.7661,96.815003,67.773506,90.231777,31.66425,61.522068
El Salvador,2004,,,3.6052008,6.6258399,3.82428,8.4193425,4.2356981,9.0971084,3.4632094,7.8764671,31.438238,48.730562,86.527341,93.019253,63.96918,84.103409,14.275072,34.020774,89.889625,96.661246,68.694705,90.73325,31.866671,64.300689
El Salvador,2005,,,3.7168889,6.706616,4.0566294,8.4523953,4.4601403,9.0298928,3.7278319,8.0101766,29.324258,51.077116,87.765601,93.804293,63.087057,84.307524,14.155527,36.099486,91.362228,97.424383,70.196439,90.071837,35.047074,64.468451
El Salvador,2006,,,3.8521845,6.7639514,4.2259022,8.6138367,4.6009962,9.1904882,3.9136407,8.1731129,33.15129,55.126128,88.226313,95.155326,62.131289,84.941369,15.34745,34.727997,91.759813,97.238722,70.015485,90.636968,34.695138,63.508717
El Salvador,2007,,,3.915763,6.8099884,4.2079026,8.5225164,4.582972,9.1269659,3.8986536,8.0600538,33.98044,52.445368,89.990485,94.282437,66.193261,84.880224,15.986432,36.404872,92.183387,97.59865,70.459631,91.079797,34.637517,63.738356
El Salvador,2008,,,3.8207205,6.6017401,3.9051095,8.2253812,4.2462823,8.8748837,3.6173531,7.7320205,33.185069,51.245054,89.902437,94.014647,66.930379,85.69087,15.704193,36.870159,92.639734,97.959516,69.943419,89.741349,35.210787,62.115054
El Salvador,2009,,,3.8690224,6.8621987,3.89081,8.4229657,4.1733284,8.9156179,3.6540649,8.0428825,33.121937,50.81316,90.99199,95.646741,67.428455,85.951926,15.415818,36.445849,92.08603600000001,97.860321,69.760791,90.525737,35.257082,64.981295
El Salvador,2010,,,4.0066435,6.9316247,3.986193,8.4146364,4.3319762,8.8713207,3.687105,8.0668642,42.909703,56.216486,94.038473,95.647514,68.490848,86.57447,16.500283,36.722356,93.027171,97.948934,70.201187,90.71083,36.613253,67.580864
El Salvador,2011,,,4.202965,7.0585196,4.1289094,8.5166306,4.4815531,9.0059549,3.8261365,8.1373602,42.535147,54.761473,94.706672,96.28237,70.572539,87.222383,15.768902,36.663418,94.031718,98.176651,72.167569,91.564365,36.784865,67.719757
El Salvador,2012,,,4.377603,7.2381942,4.3418759,8.7491929,4.6926659,9.2859857,4.0343749,8.3317652,42.746169,60.05528,94.601245,96.761542,69.426979,87.61021,16.209184,39.191753,95.418364,98.257036,73.824162,91.821948,37.26275,66.976516
El Salvador,2013,,,4.5428778,7.3793991,4.5415866,8.8077619,4.8905797,9.3565405,4.2428709,8.3854276,45.665969,61.781222,94.639639,96.718154,70.275302,87.131769,16.767229,41.045362,95.437423,98.414924,75.594697,91.892395,39.601479,72.2172
El Salvador,2014,,,4.6910527,7.4922121,4.7800034,8.9102424,5.1136711,9.3960498,4.4911918,8.5327902,45.111963,62.478153,94.271258,96.74929,70.471826,87.509933,16.060314,37.933574,96.444849,98.654137,78.009719,92.719279,39.64888,74.151166
El Salvador,2015,,,4.7540178,7.6047697,4.8910856,9.0191199,5.2070803,9.4330558,4.6147796,8.6938091,43.26175,62.929345,94.760079,96.746418,69.661194,86.995591,16.073712,38.670051,96.445443,98.8418,77.76901,92.655292,43.293921,75.072149
El Salvador,2016,,,4.7779165,7.6328155,4.9677955,9.0017375,5.2943122,9.4759952,4.6854037,8.6284159,42.031507,59.210983,95.012089,96.475595,67.698258,87.984896,16.363602,39.418106,96.37473,98.99166,77.891443,92.698233,45.361048,74.451812
El Salvador,2017,,,4.9204443,7.5738,5.1801608,8.9533339,5.5148749,9.3631157,4.8832584,8.6313622,41.332475,61.718813,94.39459,97.005132,69.301007,87.779539,16.021394,38.948837,97.077471,98.582298,79.638577,93.383969,46.853906,74.381564
El Salvador,2018,,,5.0439191,7.8029173,5.3410892,9.3221026,5.6447374,9.7499226,5.0777086,8.9841147,44.245108,61.627268,94.788199,97.852388,71.553504,88.433683,17.049347,39.411756,97.273844,98.427309,81.429869,93.846463,46.865626,74.979079
El Salvador,2019,,,5.0845962,7.9209285,5.4861548,9.4144313,5.8438788,9.8743292,5.1791857,9.0436713,45.738534,59.234661,94.372563,97.325971,72.86024,88.194371,17.82374,37.915422,97.635719,98.750956,81.986635,93.900431,47.424099,75.807964
El Salvador,2020,,,5.2494214,7.9478565,5.7374497,9.4866971,6.1017947,10.027454,5.4244887,9.0572639,39.242326,59.700254,93.558645,94.779608,75.37948,89.959247,19.645608,38.071176,98.140604,98.745769,83.29693,94.656056,47.263519,76.020431
El Salvador,2021,,,5.3105148,7.8459449,5.9228648,9.3459152,6.2227564,9.6795133,5.6662272,9.0861911,41.891414,49.062884,93.760149,94.628116,72.392658,88.854916,16.257635,35.468289,97.204707,98.387861,82.995713,93.711693,49.235719,75.752656
El Salvador,2022,,,5.375935,7.971562,6.025815,9.519543,6.234536,9.877644,5.852395,9.237679,45.45245,56.65582,95.63651,96.66434,76.2029,89.22572,16.25735,37.81617,97.4803,98.47626,82.74331,94.00887,49.21005,76.1514
El Salvador,2023,,,5.360374,8.04606,6.11185,9.619183,6.394497,9.916146,5.868437,9.388268,60.98093,65.23214,97.16757,97.45652,80.82668,92.4446,17.49777,38.71849,97.15416,98.43923,84.40355,94.15995,49.35788,76.89722
Guatemala,2000,,,2.2646969,5.5974502,1.9992279,6.4863172,2.585501,7.4730688,1.4628493,5.6551651,6.4432936,19.706511,72.054805,85.623162,43.449371,71.56656,10.366452,34.12537,74.705319,93.109415,51.15035,81.485919,23.019164,59.921791
Guatemala,2006,,,2.6859126,5.8409379,2.4176194,6.7783298,3.014551,7.5101946,1.9142025,6.1979338,11.44507,27.082004,83.061053,90.332301,54.146749,74.95879,12.464282,30.930775,81.153806,94.53577,56.327729,84.873088,23.379648,60.714988
Guatemala,2011,,,3.2863623,6.1245963,2.7282454,6.8056985,3.3134497,7.5133333,2.2123909,6.2147544,18.912905,30.807768,90.388572,94.099408,60.500698,80.062557,15.243736,32.979837,86.161361,95.869168,58.805668,84.295859,23.111805,61.061456
Guatemala,2014,,,3.7399679,6.2466835,3.1715545,6.8886439,3.6652451,7.4729383,2.7320589,6.3940754,9.3048671,20.279896,82.928524,89.7636,59.375175,75.649415,13.28715,26.98549,91.76586,94.992182,64.334688,84.885712,27.432966,62.387559
Honduras,2001,,,3.2399999,5.8999879,3.5312095,7.2988661,3.5129442,7.5556642,3.5478986,7.0926708,,,88.571835,94.72678,46.325075,70.384554,10.406445,34.245912,86.190301,96.035815,70.242673,89.174208,32.826434,61.323249
Honduras,2002,,,2.9414316,5.8034179,3.1213136,7.1958603,3.1221905,7.4074667,3.1204574,7.0274512,,,85.419759,93.379534,43.077365,70.664811,7.8798958,35.13593,83.173013,95.650646,67.774635,89.48627,32.816408,60.556663
Honduras,2003,,,3.0229291,5.9037256,3.1478323,7.178726,3.1367207,7.3204958,3.1583314,7.069026,,,,,45.535234,75.760051,10.019326,37.894407,84.859761,96.211157,67.996846,89.375975,31.293405,62.113951
Honduras,2004,,,3.1863813,6.1462841,3.4065179,7.4952072,3.3727368,7.5829616,3.438151,7.425949,,,90.602635,96.221359,51.470752,77.362519,11.307302,39.126697,85.473909,96.383948,71.021723,90.452064,35.404696,62.768773
Honduras,2005,,,3.306756,6.1660098,3.4627458,7.4512396,3.4125347,7.6011053,3.508493,7.337754,,,91.637537,95.93985,50.271985,79.498101,13.523914,39.334542,87.761194,95.880515,72.455434,89.97752,37.413395,63.301571
Honduras,2006,,,3.3832613,6.3109561,3.5600576,7.6572191,3.5385041,7.7900704,3.5794381,7.5576706,,,91.396732,95.247064,52.691397,78.85448,12.829736,40.154855,88.096521,96.969132,71.754107,91.17207,35.069299,66.175632
Honduras,2007,,,3.4969576,6.4617277,3.6742534,7.6820896,3.5910791,7.8317619,3.7482476,7.567018,,,90.563223,95.332443,51.859504,79.304378,14.024995,40.694841,87.879104,97.253445,71.590403,90.843887,36.252546,66.727868
Honduras,2008,,,3.6590405,6.6312031,3.736276,7.9606462,3.6509471,8.0625165,3.8117385,7.8832772,,,92.789519,94.256275,53.643932,77.867049,14.331665,39.397997,89.904034,97.218487,73.056115,91.852713,36.644345,66.295848
Honduras,2009,,,3.7835223,6.6656674,3.7859975,7.8654153,3.699951,7.9580895,3.862065,7.7960836,,,93.475096,96.266847,52.630739,78.884972,15.126447,40.914877,90.805357,97.432643,74.880881,92.303939,39.38742,67.654389
Honduras,2010,,,3.9446016,6.9603859,3.9371271,8.1282372,3.8364038,8.2419698,4.0283425,8.0417928,,,93.882313,95.860613,52.717206,80.676838,13.467352,44.469435,92.449654,98.095573,75.263408,92.840633,37.393161,66.675061
Honduras,2011,,,4.1157029,7.0703598,4.0416254,8.1716635,3.9579531,8.2869847,4.1158627,8.0837235,,,93.489505,95.335948,53.819528,77.622847,15.136485,42.007681,94.054408,98.045474,76.022439,92.921512,28.461197,70.407714
Honduras,2012,,,4.2135438,7.0218709,4.1698167,8.0257916,4.0635984,8.0648871,4.2653934,7.995911,,,93.916367,96.567258,52.35498,80.681032,13.739392,41.774697,92.375246,97.928073,77.061741,92.537569,44.400631,69.290218
Honduras,2013,,,4.3459038,7.1555751,4.2914377,8.2513355,4.1422088,8.3209674,4.4230898,8.1988688,,,93.681117,97.709105,47.413096,79.834216,17.582418,39.893653,92.314902,97.92891,77.044194,92.968959,40.147524,73.332208
Honduras,2014,,,4.294708,6.9821965,4.3859936,8.1502075,4.2534523,8.1505195,4.5059055,8.1499698,,,95.027194,95.673701,44.700474,71.645872,9.1823321,35.119848,92.309048,97.686111,76.55022,92.773622,41.825383,70.85695
Honduras,2015,,,4.3164299,7.0078849,4.2739305,8.0235104,4.1104114,7.8992625,4.424467,8.1152584,,,95.58716,95.241661,47.487402,76.783968,10.286425,37.450536,92.577507,98.207689,78.157339,92.867709,42.165952,71.051841
Honduras,2016,,,4.5475706,7.1598826,4.6004664,8.2968704,4.3464784,8.4015494,4.8298877,8.21646,,,93.825817,95.452739,47.440565,76.758283,13.613444,35.039833,93.634954,97.655968,80.121154,93.595298,48.864074,75.970195
Honduras,2017,,,4.2643191,7.0497976,4.3598245,8.3489946,4.2143412,8.1536922,4.4949567,8.4936479,,,93.625088,95.944744,46.387005,77.121263,10.539047,35.012661,93.054268,98.089906,78.911364,94.748967,50.329899,77.351779
Honduras,2018,,,4.4668537,7.2556459,4.5559498,8.3977779,4.4019965,8.4062204,4.7024258,8.391289,,,92.376579,93.910538,49.898915,74.955388,10.461918,38.225554,94.188414,98.410833,78.320451,93.564748,45.742942,73.27499
Honduras,2019,,,4.7057609,7.5444447,4.8164638,8.7989463,4.6679575,8.6723083,4.9483771,8.8984784,,,93.974549,96.651062,50.616492,79.469528,13.445616,38.063664,93.739943,98.099305,79.951008,94.937503,54.466447,76.939362
Mexico,1992,1997.0,Progresa/Oportunidades/Prospera,3.4615072,6.4681528,3.0603216,7.4108269,3.4871081,8.0154048,2.6491063,6.8831016,,,89.073285,95.937703,45.98511,70.463446,7.9893922,30.849463,92.122672,98.039376,70.983459,92.565303,36.687963,70.430145
Mexico,1994,1997.0,Progresa/Oportunidades/Prospera,3.5315113,6.6142037,3.2780435,7.640177,3.6215976,8.1512723,2.9524013,7.1902957,,,93.202867,96.611804,47.480562,71.62864,7.6558429,29.724738,92.287404,98.071999,72.517829,91.871368,42.623606,69.119705
Mexico,1996,1997.0,Progresa/Oportunidades/Prospera,3.8657345,6.9087924,3.832576,8.0509804,4.1708342,8.6208548,3.5221252,7.5599631,,,94.828138,97.342928,49.939168,74.803636,7.5482284,32.382001,91.659079,98.119469,74.911961,92.941029,40.141808,71.042193
Mexico,1998,1997.0,Progresa/Oportunidades/Prospera,3.9636491,7.0313322,3.8256157,8.1962331,4.0483842,8.769574,3.6260302,7.6918783,,,94.838723,96.802876,52.976408,74.273368,8.4226476,33.713505,90.962114,98.26357,75.05385,93.112412,44.850539,72.186951
Mexico,2000,1997.0,Progresa/Oportunidades/Prospera,4.1098471,7.4177206,4.0391252,8.7441739,4.3754634,9.2949412,3.7431653,8.2519256,,,95.407924,97.206831,56.786618,78.108928,12.181019,38.16208,93.398903,98.531279,75.35447,94.493069,45.274787,73.021413
Mexico,2002,1997.0,Progresa/Oportunidades/Prospera,4.4469863,7.427026,4.4024293,8.6431287,4.603773,9.1423652,4.2277807,8.2153485,,,96.642484,97.907621,64.409584,78.631481,13.299432,40.293204,94.870016,98.443532,77.255743,94.644618,47.717197,70.762592
Mexico,2004,1997.0,Progresa/Oportunidades/Prospera,4.8721649,7.4431009,5.1077745,8.7546647,5.4399767,9.1718693,4.8212324,8.3940662,,,98.40917,98.231863,68.093307,77.672162,19.418141,37.134726,94.114301,98.200228,81.684861,94.15646,56.071232,76.606382
Mexico,2005,1997.0,Progresa/Oportunidades/Prospera,5.1175255,7.5531581,5.4259123,8.8462398,5.7673423,9.298097,5.1217565,8.4540742,,,97.099399,98.365827,69.032172,77.670497,22.754638,39.727978,95.551728,98.468466,83.32013,94.195862,52.622052,75.91632
Mexico,2006,1997.0,Progresa/Oportunidades/Prospera,5.2056277,7.66505,5.5634065,9.0487135,5.8726803,9.4957031,5.3094478,8.6686638,,,97.983231,97.999382,70.031568,79.380286,17.569511,39.144843,95.386892,98.597076,83.928067,94.093506,56.421118,77.419049
Mexico,2008,1997.0,Progresa/Oportunidades/Prospera,4.8125205,7.5051325,5.2597144,9.1276248,5.4835102,9.4630219,5.0595998,8.8333871,66.320608,70.85868,97.347586,98.559617,67.180332,79.661934,17.043095,39.449925,96.374324,98.838818,82.929543,95.551868,53.045079,79.577611
Mexico,2010,1997.0,Progresa/Oportunidades/Prospera,5.1438252,7.7370272,5.79764,9.4374986,6.0371327,9.8006286,5.5784515,9.1219088,72.325973,71.76239,96.730168,98.793316,66.799169,80.120459,19.651607,42.608324,96.643883,98.814644,84.653196,95.734104,53.664168,80.859348
Mexico,2012,1997.0,Progresa/Oportunidades/Prospera,5.2590904,7.9280336,5.9347219,9.619581,6.1403849,9.9207193,5.74555,9.3484976,74.610473,73.972802,98.410624,99.140055,71.527207,80.998413,20.579923,42.92666,97.498091,99.430273,83.356979,95.746902,47.975957,79.821086
Mexico,2014,1997.0,Progresa/Oportunidades/Prospera,5.4419397,8.1373034,6.2459525,9.935432,6.3901193,10.200648,6.1114549,9.7032555,72.764101,71.472954,98.068111,99.298075,72.406536,85.075236,19.427922,44.77413,97.102717,99.289778,84.965834,96.606016,54.641849,81.502474
Mexico,2016,1997.0,Progresa/Oportunidades/Prospera,5.8351625,8.3166864,6.7609544,10.139342,6.8391708,10.350297,6.6903776,9.9561122,77.343524,77.889483,98.643343,99.225074,74.749872,84.991368,19.977212,43.040303,97.35261,98.977873,88.245118,96.861839,57.129188,84.320539
Mexico,2018,1997.0,Progresa/Oportunidades/Prospera,6.0549598,8.5822266,7.0889256,10.414105,7.1470519,10.613887,7.0366374,10.237507,75.757059,76.20261,98.359109,98.861781,72.377294,85.170396,21.026467,45.859068,97.376287,99.013442,89.278083,97.184236,60.562143,84.921848
Mexico,2020,1997.0,Progresa/Oportunidades/Prospera,6.358428,8.8368427,7.3934569,10.620101,7.4422713,10.766849,7.349586,10.490828,74.696585,72.253544,98.077558,98.569311,73.458142,84.620174,23.070673,47.183258,97.895895,99.282139,89.676567,97.387938,62.448231,86.781768
Nicaragua,1993,,,2.214383,5.098176,2.2358087,6.145936,2.3021511,6.5803673,2.1683128,5.7729904,10.277642,36.888974,61.698287,83.162111,37.978321,73.744768,10.207547,30.933879,71.947684,93.778107,54.498029,87.174835,26.215588,58.15915
Nicaragua,1998,,,2.8268685,5.5318041,3.0788048,6.6288238,3.0743209,7.0915541,3.0835098,6.2502265,25.315342,44.846308,77.278848,90.525496,42.035018,75.724534,13.042436,38.274626,75.392975,94.171563,61.536053,85.954411,29.206093,62.216676
Nicaragua,2001,,,2.8993238,5.8439033,2.9780511,6.6868334,3.0485602,6.883682,2.9048535,6.5225109,29.654088,44.460879,80.042644,91.808048,52.474163,79.152109,13.519556,41.097379,75.548985,93.856437,60.863875,85.243451,27.245868,60.410647
Nicaragua,2005,,,3.2622649,6.524327,3.1367516,7.5995876,3.1510149,7.7701273,3.1228188,7.465043,27.365041,37.725477,84.17043,93.346274,59.157954,79.581909,18.921546,35.311461,82.967477,95.749663,62.234428,88.48359,26.005014,60.410001
Nicaragua,2009,,,3.7282239,6.8974127,3.7018557,7.9333306,3.7443367,8.0573513,3.6611173,7.8298549,27.260112,38.028309,81.467382,92.304907,53.059776,75.334355,17.255431,39.14896,89.076891,96.446362,68.592279,89.99306,30.55474,65.81513
Nicaragua,2014,,,4.3012869,7.5554466,4.2954028,8.8873883,4.2414476,8.7505826,4.3512463,8.9990744,37.065915,44.186662,87.982926,95.693734,64.605778,82.094152,19.622086,41.107767,91.336609,97.768684,73.645674,92.975081,35.83365,69.750463
Panama,1991,,,5.2115679,8.3831899,5.8781673,10.196639,5.8253775,10.2935,5.9360941,10.116389,29.024755,63.641277,91.693838,98.219504,59.261266,88.613647,15.770096,44.747712,96.622424,98.68304,85.493168,96.65898,56.617715,86.772301
Panama,1997,,,5.4114068,8.7661054,6.4528293,10.699157,6.3419331,10.714878,6.5752313,10.68536,42.204934,77.698976,95.336186,98.28368,66.502319,89.421181,18.970354,42.330298,96.540319,99.195545,88.712434,97.684878,59.551777,87.474242
Panama,1998,,,5.4982506,8.7864499,6.5815531,10.646645,6.447347,10.691984,6.7307139,10.605948,46.185018,71.360808,95.079136,98.666399,67.173458,88.437265,20.037198,43.285563,96.302183,98.839405,89.554871,97.715889,60.905389,88.955071
Panama,1999,,,5.5667572,8.964135,6.6341284,10.830868,6.4712701,10.848603,6.813545,10.814937,51.345351,76.264479,95.572054,98.333155,70.097338,88.240472,20.754129,46.292385,96.260383,99.310086,90.347361,98.012082,63.252394,90.568874
Panama,2000,,,5.6933938,8.9655408,6.8500973,10.813857,6.672875,10.795798,7.044936,10.829906,56.070601,81.003779,96.373203,98.619372,72.028998,89.200971,24.23259,46.774939,96.704036,99.165724,90.930462,97.751858,62.34484,91.036746
Panama,2001,,,5.0845143,8.6816602,5.9110557,10.483906,5.8839435,10.38023,5.9414565,10.578983,52.18678,73.320499,91.89849,98.015004,64.747574,88.780909,17.327781,44.577874,92.401333,98.643888,83.350608,97.585336,59.329767,86.147736
Panama,2002,,,5.1773766,8.7737079,6.1719498,10.629837,6.0715296,10.461055,6.2848543,10.781893,48.259782,70.70683,93.519403,98.674505,65.397705,89.481575,17.574001,45.633635,93.110157,98.769659,84.329219,97.690328,60.399557,87.403129
Panama,2003,,,5.3009865,8.9224944,6.3403046,10.814229,6.2406842,10.665687,6.4493971,10.947833,54.692052,79.788584,93.959654,98.693907,67.398014,90.896953,20.110135,47.391089,94.07711,99.152898,85.567195,98.019224,57.81982,88.184098
Panama,2004,,,5.4960966,9.0240046,6.569102,10.923896,6.4988964,10.778475,6.6445623,11.05406,53.612692,76.3062,95.674588,98.691925,69.809202,91.517884,22.267721,46.472746,96.059169,99.282401,86.67609,98.163817,58.658806,89.37941
Panama,2005,,,5.6098202,8.9980146,6.6850794,10.923279,6.6326531,10.812995,6.7411161,11.021581,57.769556,79.488269,95.463275,99.039752,71.324615,90.354839,22.572191,45.32405,96.39455,99.207486,87.258222,98.182573,58.73815,87.530963
Panama,2006,,,5.7026263,9.0027977,6.8455493,10.926276,6.8488983,10.746825,6.8419821,11.092935,67.562131,81.117455,95.729943,98.808313,71.806635,90.285693,22.0277,46.719162,94.444696,99.357246,87.53706,98.181517,63.150585,88.109304
Panama,2007,,,5.7684635,9.0546595,6.8922224,11.070122,6.8628395,10.896175,6.9237652,11.224537,67.856901,79.658442,96.519508,99.251291,73.56494,90.309242,23.284181,43.986648,94.914726,99.206099,87.129022,98.124895,62.452947,89.081247
Panama,2008,,,5.8399982,9.2057597,7.0916028,11.20818,7.0163521,11.051979,7.1704476,11.344657,69.628041,85.390422,97.508738,99.43447,73.120548,90.844975,23.894144,43.639674,95.762104,99.486447,88.545907,98.579503,62.666825,91.56807
Panama,2009,,,5.8796536,9.2850581,6.9992085,11.304428,6.9681499,11.110599,7.0315659,11.476814,71.638389,87.809172,97.313323,99.333032,76.057104,92.525296,24.069618,44.809536,96.769771,99.365731,88.445379,98.500594,64.270896,90.368342
Panama,2010,,,5.8229025,9.2138051,7.0483241,11.338904,6.9981106,11.151071,7.1010503,11.50888,55.569335,63.96222,97.894468,99.64864,77.677492,91.930104,24.909099,42.284905,96.046675,99.447768,88.531254,98.727583,65.232702,90.751494
Panama,2011,,,5.6400023,9.3894343,6.9770226,11.541902,6.9696196,11.220669,6.9846093,11.823546,53.604806,65.503486,97.802806,99.075319,78.722203,91.514424,26.279203,43.554765,97.013875,99.274482,87.086978,98.501729,66.862867,90.653284
Panama,2012,,,5.722976,9.5513221,7.1402724,11.769322,7.0521943,11.447459,7.2302322,12.048762,55.65421,69.608905,97.763458,99.166565,79.277008,92.448711,24.897401,46.301648,95.616526,99.623903,87.445371,98.604019,64.655821,91.039393
Panama,2013,,,5.7726362,9.514101,7.1211507,11.734817,7.0776972,11.490292,7.1660036,11.950667,56.335392,69.578937,97.848337,99.440027,82.189371,91.177492,22.948285,45.560021,96.058223,99.248518,87.174551,98.515173,63.631172,92.482155
Panama,2014,,,5.8995188,9.6114761,7.255964,11.835005,7.1956598,11.587332,7.3168395,12.052504,54.308063,72.92393,96.562496,98.788415,83.068504,91.656469,27.552702,45.28268,96.71568,99.251093,87.662349,98.718534,64.178576,92.095097
Panama,2015,,,6.0167374,9.6828329,7.4366379,11.896213,7.3050288,11.554925,7.5694344,12.199616,54.28786,68.375126,97.730094,99.294698,84.217185,92.573292,27.89673,46.757847,96.390435,99.564968,89.149959,98.879313,67.245633,91.488704
Panama,2016,,,6.0609882,9.7291678,7.449799,11.955237,7.3829882,11.64912,7.5147144,12.231003,55.196293,68.958165,97.853908,99.507278,82.07568,93.501519,27.695721,49.447058,96.019101,99.691965,87.986161,98.72543,69.203754,92.073148
Panama,2017,,,6.2008206,9.7097838,7.6891557,11.89412,7.5926117,11.557849,7.7802311,12.200624,57.238203,67.271457,95.126165,99.419786,84.299802,93.894537,31.131459,49.586054,97.522723,99.456764,89.491705,98.535833,66.469443,91.58288
Panama,2018,,,6.30821,9.687609,7.833731,11.916765,7.6474899,11.530458,8.0201333,12.263423,58.617686,66.043474,97.931743,99.449668,82.573403,94.567859,31.20793,48.547999,97.475327,99.594745,91.006667,98.687159,70.626731,93.13732
Panama,2019,,,6.4388543,9.8372924,8.056594,12.05629,7.882167,11.751727,8.2285957,12.329584,58.353917,68.530331,96.382052,99.549437,84.798837,96.116331,31.319844,50.72768,97.181024,99.698827,91.106011,98.744461,71.126304,93.07046
Panama,2021,,,6.6052593,9.8895493,8.3505016,12.086101,8.2244882,11.786411,8.4716219,12.353674,44.487383,53.865435,97.149406,98.785478,88.95765,96.52798,34.64326,55.649623,98.251928,99.94513,92.402684,98.985725,71.6676,94.633669
Panama,2023,,,6.6899926,9.9811819,8.3707545,12.176367,8.0958697,11.752114,8.6325731,12.550382,50.66555,66.347825,97.675994,99.327532,88.357741,97.255372,35.070639,55.019317,98.22216,99.757711,92.119178,99.178852,75.83636,94.440763
Paraguay,1997,2005.0,Tekoporã,3.3486306,5.7682025,4.5770079,8.1742462,4.7834604,8.590897,4.355486,7.7825036,11.57106,19.378204,92.474219,95.182046,57.3062,78.748687,12.110666,29.619401,94.499219,98.685603,85.292935,94.520887,61.304193,74.576885
Paraguay,1999,2005.0,Tekoporã,3.5045892,5.8929255,4.6474287,8.3510207,4.8648284,8.6623311,4.4195543,8.0620401,13.421223,16.174863,91.325892,96.596559,60.66718,81.610607,16.447853,37.299763,94.542612,98.327887,83.015506,95.970478,56.974991,79.169556
Paraguay,2001,2005.0,Tekoporã,3.658204,6.2216864,4.7651703,8.5437028,4.9656782,8.8444333,4.5469179,8.2828534,,,92.00658,97.181942,61.242386,83.067463,17.473747,38.609566,92.392737,97.939421,84.210861,94.919561,61.651459,77.917061
Paraguay,2002,2005.0,Tekoporã,3.9200256,6.1777762,4.8989788,8.2996416,4.9787325,8.5036684,4.8085172,8.1122517,,,92.555676,95.240821,60.48658,82.669139,16.690949,31.033727,95.50819,98.807816,85.398763,95.298468,55.686341,72.443442
Paraguay,2003,2005.0,Tekoporã,4.1192268,6.4464014,5.246987,8.8441,5.4595062,9.0882347,5.0115992,8.6260415,,,91.864957,96.753961,66.101501,84.487039,22.204689,41.617583,95.760522,98.554331,85.163793,95.583632,54.015618,76.938453
Paraguay,2004,2005.0,Tekoporã,4.2170183,6.5002888,5.1443421,8.7294848,5.3178744,8.9332726,4.9461027,8.543548,,,93.980369,97.195528,66.672059,85.714405,20.782638,35.797963,95.95689,98.156669,84.539878,94.852765,52.118253,76.252256
Paraguay,2005,2005.0,Tekoporã,4.5057984,6.7662694,5.7282224,9.2242818,5.9033276,9.4263906,5.5335151,9.0391289,,,93.934669,96.960139,66.579682,87.330317,22.054974,39.333191,96.32481,99.006641,87.46893,95.727157,62.145692,79.193998
Paraguay,2006,2005.0,Tekoporã,4.5006847,6.7733083,5.6593233,9.1010771,5.8228753,9.3118147,5.4819436,8.9133995,,,93.276587,96.961303,72.0028,86.268932,20.574806,41.042717,97.408756,98.634366,88.454012,96.070386,59.011879,82.132433
Paraguay,2007,2005.0,Tekoporã,4.688643,6.8987506,5.9547467,9.1308796,6.0898159,9.3266809,5.8150267,8.9512838,,,94.25336,97.355805,69.367068,85.894337,20.602902,39.469142,98.397804,98.947949,89.492554,96.263429,61.999727,80.7881
Paraguay,2008,2005.0,Tekoporã,4.5853321,7.0897227,5.9259325,9.5368631,6.0792272,9.7159018,5.7613293,9.3670731,,,95.780363,98.0072,67.148283,88.029202,19.26869,42.979823,96.504083,98.843304,88.427136,96.728512,67.534774,83.907591
Paraguay,2009,2005.0,Tekoporã,4.6920377,7.2490643,5.9360378,9.6644498,6.0964416,9.8046324,5.768236,9.5320201,,,95.434598,98.395583,69.193419,88.716736,20.796151,42.815371,98.061152,98.749779,89.409917,96.885876,67.08245,86.614915
Paraguay,2010,2005.0,Tekoporã,4.7007264,7.1491852,5.8936212,9.6179218,6.105638,9.7467705,5.6568645,9.4990112,,,96.289299,98.798223,71.306543,85.366251,24.46064,39.945696,98.151156,98.820431,89.993893,97.149953,63.163663,85.63995
Paraguay,2011,2005.0,Tekoporã,4.9553935,7.5228147,6.2627687,10.031833,6.3936197,10.171062,6.1202746,9.9070354,,,96.824877,98.530124,75.496697,88.834746,20.836276,49.782549,97.820994,99.013683,91.000281,97.584521,71.03504,86.155881
Paraguay,2012,2005.0,Tekoporã,4.8187989,7.5783512,6.0594911,10.041818,6.1857526,10.137484,5.9211112,9.9545282,,,98.421792,97.723138,77.691318,88.137379,24.891949,48.897349,96.593432,99.158631,89.712081,97.237979,65.886736,86.217863
Paraguay,2013,2005.0,Tekoporã,5.2297967,7.8392904,6.5767028,10.509595,6.6850884,10.54355,6.459283,10.47896,,,98.366738,98.716004,78.675702,90.365244,25.664117,50.758539,98.521309,99.142629,91.568052,97.745819,69.84932,85.117456
Paraguay,2014,2005.0,Tekoporã,5.2744079,7.9067902,6.7822818,10.418733,6.9069035,10.451673,6.6423131,10.388959,,,97.527737,98.640872,78.936695,89.803808,25.374944,49.987218,97.702864,99.319942,91.721981,97.480808,68.959506,87.407682
Paraguay,2015,2005.0,Tekoporã,5.4801136,8.039755,7.0685497,10.639422,7.2374441,10.650867,6.8906563,10.62931,,,97.360229,99.396632,78.568812,90.784043,29.658802,47.926338,97.89094,99.071117,92.492155,98.248796,70.474,87.92155
Paraguay,2016,2005.0,Tekoporã,5.336415,7.9275052,6.8011292,10.446677,6.903482,10.358709,6.6939724,10.529317,,,97.964977,98.396024,80.519916,88.196863,24.749554,45.895233,97.54698,98.959567,91.449355,97.457249,66.329889,85.680013
Paraguay,2017,2005.0,Tekoporã,5.4910674,7.9623752,7.0506859,10.486765,7.1173949,10.476108,6.9807786,10.496576,,,97.582571,99.181596,80.124642,88.516968,25.260569,43.520781,97.532971,98.67242,90.991893,97.298299,65.686564,81.950861
Paraguay,2018,2005.0,Tekoporã,5.6140895,8.0172895,7.2706745,10.599112,7.3309256,10.659086,7.2069526,10.543163,,,98.421794,98.072488,81.622288,89.240119,25.25673,43.7011,97.631278,98.650371,92.003124,97.144231,62.42454,78.315152
Paraguay,2019,2005.0,Tekoporã,5.7710823,8.1998751,7.5187115,10.898823,7.5920002,10.981516,7.4428006,10.822827,,,98.566962,99.432048,84.113653,91.644474,27.57659,44.135832,97.804983,98.668954,90.496615,97.117246,55.157661,75.872658
Paraguay,2020,2005.0,Tekoporã,5.8802051,8.2343905,7.664377,10.878051,7.7331383,10.830356,7.5933643,10.922923,66.803504,90.589009,98.282056,98.898591,84.889486,89.952626,27.278124,42.672749,98.123625,98.932948,92.648918,97.493724,62.96748,81.846774
Paraguay,2021,2005.0,Tekoporã,5.9561589,8.376284,7.7651996,11.001535,7.6032652,10.982354,7.9332324,11.018956,78.527678,87.852227,98.224672,99.582337,82.781283,91.793282,25.710957,46.629902,98.298045,98.812863,92.550333,97.460972,67.520994,82.16583
Paraguay,2022,2005.0,Tekoporã,6.241645,8.67129,8.193833,11.4201,8.018784,11.30792,8.381836,11.52291,86.57678,90.25931,98.64338,99.01284,82.78029,94.013,29.9412,44.56485,98.84481,99.20248,93.41439,98.13716,66.03481,85.07424
Paraguay,2023,2005.0,Tekoporã,6.4821,8.822452,8.371735,11.36156,8.255006,11.25778,8.490107,11.45603,66.89849,75.34464,99.23036,99.58383,87.06567,94.49442,30.27151,45.93763,98.29862,98.92252,93.57118,97.73392,67.11658,85.87534
Peru,2001,2005.0,Juntos,3.8485055,7.2846172,4.7139276,9.7698112,5.8634543,10.457811,3.5969346,9.159798,44.748367,60.092799,94.744196,98.22024,76.09793,89.784041,24.582783,40.183381,93.618966,98.599597,72.123665,94.385558,38.28806,76.720246
Peru,2002,2005.0,Juntos,3.9682201,7.4913418,4.964163,9.9019739,6.0668798,10.571457,3.8716617,9.3077683,44.651112,59.812016,94.975441,98.81285,76.981058,92.235062,24.329936,40.453856,92.043628,98.577385,72.38245,94.361438,39.988578,77.719475
Peru,2003,2005.0,Juntos,3.8970318,7.6231284,4.7878547,9.9935113,5.8331595,10.681747,3.7636558,9.3632331,47.801362,69.134983,95.623463,98.900759,74.477196,92.434217,21.847936,44.20236,91.597971,98.794732,71.508972,94.460803,37.296982,75.867043
Peru,2004,2005.0,Juntos,4.1352421,7.7597808,4.9611815,10.036339,6.0063845,10.702965,3.8976588,9.4196673,51.569507,77.431689,95.013706,97.724771,76.015058,92.49767,24.97552,43.969267,93.075073,98.89976,72.981831,94.292221,38.920694,77.267789
Peru,2005,2005.0,Juntos,4.1634855,7.777946,4.9607519,10.051369,6.0656021,10.650267,3.8529774,9.5099153,54.181151,73.725765,96.291614,96.955682,76.367994,90.674026,24.76039,42.603382,93.766106,98.838591,74.123238,94.543625,40.516059,77.038908
Peru,2006,2005.0,Juntos,4.2867497,7.9290681,5.0989441,10.197327,6.1629982,10.824973,4.0306835,9.6309242,53.111456,75.540065,96.319938,98.649658,78.79005,93.010333,22.227609,44.655038,94.781917,99.119269,75.171136,94.726756,43.716628,77.429267
Peru,2007,2005.0,Juntos,4.4097319,8.0187786,5.3187721,10.475168,6.4534199,11.08974,4.1925367,9.9187296,57.658354,77.753344,96.906891,99.124226,80.919855,92.811199,25.210988,47.022751,94.617954,98.567253,77.339901,95.787618,42.743251,78.634623
Peru,2008,2005.0,Juntos,4.472272,8.0923382,5.2902187,10.52554,6.4050819,11.159736,4.1825777,9.9591274,60.993413,79.089277,97.019974,98.935276,82.540218,92.913635,24.996416,47.925031,94.895454,98.829331,76.600479,95.989852,45.1491,77.029216
Peru,2009,2005.0,Juntos,4.5745161,8.1585394,5.3623526,10.552316,6.509571,11.142858,4.2372262,10.025128,61.050461,79.188584,97.869213,99.013015,83.639702,93.380174,28.119184,48.548215,96.395662,99.00048,77.791582,96.102148,44.457963,80.255538
Peru,2010,2005.0,Juntos,4.6171495,8.1845113,5.3511647,10.5699,6.5123685,11.193927,4.2332441,10.009378,65.584346,80.249668,97.985536,98.784628,86.298213,94.625607,27.868233,49.854117,96.018325,99.088954,77.910779,96.295521,45.141754,79.942588
Peru,2011,2005.0,Juntos,4.7224901,8.240581,5.4876381,10.562203,6.5695906,11.10871,4.4385014,10.071767,63.8068,79.847017,98.452306,98.920221,86.99142,94.175161,30.132749,51.140748,96.534346,99.07395,79.30652,96.263652,45.377728,80.614456
Peru,2012,2005.0,Juntos,4.8554355,8.4170592,5.6144587,10.747974,6.7273129,11.217473,4.5320282,10.327129,67.293558,78.073952,97.707149,99.10182,87.005086,95.016105,30.44146,53.787099,96.987341,99.281855,80.950576,97.071453,48.208228,82.967811
Peru,2013,2005.0,Juntos,4.8829672,8.3896539,5.6135263,10.659544,6.6877171,11.20937,4.5682331,10.163816,72.41287,80.558745,98.381084,99.187593,88.612878,94.937438,34.894621,52.904379,97.637527,99.280744,80.751691,96.866515,49.003435,82.831301
Peru,2014,2005.0,Juntos,4.9535046,8.3713242,5.6368838,10.619282,6.7076759,11.166335,4.620322,10.135431,75.380429,80.182876,98.440539,99.401835,89.602798,95.241512,36.658379,52.480019,98.093541,99.265657,80.974261,96.708558,48.0829,81.838182
Peru,2015,2005.0,Juntos,4.9220862,8.2975653,5.8319943,10.64691,6.8563388,11.110509,4.8525756,10.239709,79.415768,78.496492,98.771379,98.918362,91.08782,95.285259,34.73014,52.976603,98.046656,99.34879,82.208255,96.879267,50.063113,82.2162
Peru,2016,2005.0,Juntos,4.9348516,8.3330191,5.8745604,10.67209,6.9520518,11.168628,4.8490483,10.226844,80.816723,81.450683,98.841241,99.207214,90.792681,96.34988,37.536859,54.450299,97.567182,99.308507,82.714134,96.676518,52.34212,82.889853
Peru,2017,2005.0,Juntos,4.9740621,8.3949679,5.895294,10.711943,6.9226223,11.201959,4.9117834,10.278371,81.239406,83.487416,99.153218,99.451503,93.508226,96.090815,38.132929,55.204684,97.806041,99.408648,82.283299,96.810466,51.928281,83.737133
Peru,2018,2005.0,Juntos,5.0665295,8.4501405,5.9825394,10.781798,7.0320772,11.314704,5.0020559,10.306344,81.882546,84.321821,99.316146,99.585374,93.755969,96.93738,37.852126,57.83768,98.033759,99.295115,82.806416,96.908732,52.955709,84.865
Peru,2019,2005.0,Juntos,5.1355086,8.5330321,6.0827624,10.88588,7.145178,11.360082,5.0984755,10.465151,82.568385,85.14486,99.055134,98.962049,93.66222,97.250234,38.814541,57.025557,98.201206,99.341245,83.149146,96.873711,52.714855,85.225935
Peru,2020,2005.0,Juntos,5.485851,8.4595867,6.3981063,10.686944,7.3812828,11.158263,5.4773211,10.271496,82.178634,74.563951,98.679623,97.769304,94.76341,95.956773,37.985159,47.59256,99.134492,99.618385,87.898666,97.483198,57.456587,84.361866
Peru,2021,2005.0,Juntos,5.3540825,8.3763419,6.4108976,10.625838,7.4031014,11.06975,5.516266,10.244213,79.797935,76.96841,99.068224,97.75959,93.110235,96.294248,35.967435,51.760286,98.650252,99.206348,84.626431,96.736648,56.250705,85.282245
Peru,2022,2005.0,Juntos,5.4780059,8.4628411,6.5641977,10.761248,7.5918327,11.206186,5.6198236,10.3771,84.374005,78.738894,99.210035,99.078823,94.086904,97.1258,35.859877,53.020283,98.767007,99.422269,85.16676,96.679259,58.312987,85.127757
Uruguay,2006,,,5.7990978,7.4520978,6.9576905,9.418586,6.6977243,9.1743779,7.2550785,9.6279154,47.7,74.8,98.5,99.5,67.4,83.3,23.4,42.7,98.811747,98.706617,97.468251,98.338134,91.647089,95.530329
Uruguay,2007,,,5.8709835,7.4808569,6.9692511,9.5270665,6.6141781,9.2486265,7.3774116,9.7657708,50.8,76.1,98.4,99.7,68.1,82.2,25.6,41.4,98.921675,98.748349,97.432094,98.468959,91.682283,95.596304
Uruguay,2008,,,5.8104586,7.4483097,6.8964806,9.4554584,6.6361259,9.1182231,7.1926577,9.7422379,54.5,78.2,97,99,66.5,83.2,24.9,42.3,99.319998,98.906229,97.604254,98.554856,92.467357,96.24437
Uruguay,2009,,,5.8904704,7.5716633,6.9745384,9.5975975,6.7057554,9.2579355,7.2867262,9.8916369,66.6,75,98,98.8,67.8,84.8,23.8,41.9,98.912508,98.976782,97.175153,98.762769,90.994244,96.096609
Uruguay,2010,,,6.0530209,7.515729,7.2801729,9.501944,6.9909282,9.1737196,7.594944,9.7879284,63.2,75.6,98.7,98.9,72.8,83.4,28.1,39.9,98.947453,98.750437,97.765267,98.585768,91.59202,95.786416
Uruguay,2011,,,6.2379373,7.9718437,7.3422459,10.022053,7.0443191,9.6793047,7.6779507,10.327546,64.5,82.8,97.1,98.4,70.7,85.2,32.3,41.6,98.760677,98.863026,97.282391,98.793587,92.308773,96.755829
Uruguay,2012,,,6.3190686,7.9561143,7.5477505,10.068719,7.1031261,9.7121932,8.0366262,10.382068,64.7,85.2,98.3,99.2,74.9,85.7,32.6,41,99.30882,98.938012,97.573073,98.736977,95.346003,96.908616
Uruguay,2013,,,6.5020024,7.9236217,7.726308,10.003482,7.3463844,9.6812745,8.1355162,10.297905,66,84.1,98,99.2,72.6,85.6,35,41.1,99.305704,98.911128,98.184697,98.765188,91.619506,96.739077
Uruguay,2014,,,6.3886135,8.0467855,7.7488886,10.100645,7.3084127,9.7460116,8.2284506,10.429102,72.7,86.3,99.3,99.2,76.3,86.4,30.2,41.5,98.032154,98.886309,98.330008,98.832717,92.846949,96.955557
Uruguay,2015,,,6.595903,8.1037797,7.7196204,10.156168,7.4021595,9.8038553,8.0689634,10.482403,74.9,86,99.1,99.3,81.2,87.6,34.4,43.4,99.150849,98.916447,97.931516,98.875486,95.090469,97.200674
Uruguay,2016,,,6.7150285,8.1625219,7.9160435,10.170813,7.4922425,9.8284365,8.3835549,10.489417,73.8,89.1,99.4,99.3,81.7,88.8,34.4,43.9,99.284519,99.142083,97.881734,98.83511,92.98882,97.376402
Uruguay,2017,,,6.7891849,8.286134,7.9776257,10.307558,7.5873558,9.9452149,8.4102429,10.645668,78.9,88.7,99.4,99.4,84.6,90.4,39.7,47.3,99.009176,98.928513,98.133006,98.881509,95.067881,97.646776
Uruguay,2018,,,6.8380532,8.3736951,7.9532619,10.36254,7.5018311,9.9896564,8.419149,10.707932,75.6,89.6,99.6,99.4,87.5,90.9,36.3,47.4,99.503126,98.831719,98.322032,98.935765,94.883837,98.020912
Uruguay,2019,,,6.9261644,8.4526715,8.0818196,10.415154,7.6471822,10.035731,8.5517376,10.768903,76.1,90.2,98.5,99.2,88.7,92.8,42.1,49.1,99.207547,99.010278,98.491941,98.977813,95.747572,98.007035
Venezuela,1989,,,4.6049192,6.5661649,6.6166541,8.8720252,6.8377292,9.233108,6.3882233,8.5413861,35.42221,38.485894,91.427498,94.979114,73.787208,79.676861,27.936677,39.788255,96.364969,99.083071,86.25864,96.17748,40.066759,77.201357
Venezuela,1992,,,4.9094669,6.8906177,7.0595531,9.280168,7.1629321,9.5767378,6.9528931,9.0112319,41.014362,46.663857,94.227289,96.261088,76.772204,81.043784,30.001565,44.887046,96.832004,98.962439,88.648426,96.644623,47.067668,80.70304
Venezuela,1995,,,5.3277714,7.2992286,7.3015606,9.5174662,7.3036098,9.6569648,7.2994968,9.3824209,50.460824,55.592976,95.907613,96.369408,77.257674,86.922382,31.745241,49.134261,96.729547,98.78584,89.55034,98.299587,49.907031,83.481677
Venezuela,1997,,,5.630265,7.8705425,7.7459984,10.370695,7.7230247,10.533131,7.7691831,10.214909,51.191365,63.809089,95.925204,97.469868,77.226857,85.26802,33.635172,50.517295,97.244366,99.029369,91.030449,97.906526,53.875841,83.881623
Venezuela,1998,,,5.6415136,7.6926341,7.7287956,10.033999,7.6528362,10.114216,7.8053766,9.9575863,48.763656,68.362832,95.491776,97.33143,76.77044,86.380248,33.185911,47.534163,97.311691,99.395993,91.543734,98.523007,53.565655,87.490387
Venezuela,1999,,,5.7173221,7.6140042,7.7955509,9.8768222,7.7012478,9.8595924,7.8899384,9.8938862,54.396568,69.645862,96.291421,98.341569,77.062466,82.241759,37.881297,44.654117,97.082601,98.949778,91.660702,97.68135,56.033668,85.961482
Venezuela,2000,,,5.7417113,7.5974818,7.7618151,9.8634535,7.6305968,9.787549,7.8934642,9.9372147,53.690245,69.910812,96.26162,97.774536,78.792255,84.37581,38.845588,41.828861,96.780162,98.824122,90.950879,96.643835,53.565809,84.003696
Venezuela,2001,,,6.1712944,6.3454739,8.3393639,8.5214301,8.1817676,8.438087,8.4963106,8.605674,57.248072,60.168398,96.725613,97.412396,80.252344,82.231533,40.566133,37.327696,97.234466,98.653044,92.586871,96.101968,62.410615,65.022153
Venezuela,2002,,,6.0052843,7.5424933,8.1295712,9.6906111,7.9484197,9.642372,8.3113897,9.7370706,57.786994,69.997049,96.058876,97.668202,79.851018,84.365118,40.094431,42.848019,97.364651,99.108019,91.972719,97.494747,56.791787,82.646649
Venezuela,2003,,,5.692074,7.0476892,7.6485583,9.3449029,7.4342481,9.224983,7.8700093,9.4593125,56.60576,60.833514,95.901079,96.643716,79.786064,84.584895,39.257748,46.684779,97.276897,98.229341,90.951394,95.939503,54.187945,73.380754
