country,year,year_cct,cct_name,share_owners_rural,share_owners_urban,share_owners_mean,n_rooms_rural,n_rooms_urban,n_rooms_mean,person_per_room_rural,person_per_room_urban,person_per_room_mean,share_poor_dwellings_rural,share_poor_dwellings_urban,share_poor_dwellings_mean,dwellings_low_quality_rural,dwellings_low_quality_urban,dwellings_low_quality_mean,water_rural,water_urban,water_mean,hygienic_restrooms_rural,hygienic_restrooms_urban,hygienic_restrooms_mean,sewerage_rural,sewerage_urban,sewerage_mean,electricity_rural,electricity_urban,electricity_mean,telephone_rural,telephone_urban,telephone_mean
Bolivia,2011,,,80.335723,53.691215,62.493923,2.3085747,2.7876771,2.6293931,2.0739022,1.791196,1.8845954,8.8500306,30.631165,23.439499,81.237501,28.368381,45.835072,44.163163,94.531363,77.890916,50.964246,94.919111,80.397476,5.3890091,68.984057,47.973776,66.716891,99.09339,88.39697,59.78214,94.411436,82.970746
Bolivia,2012,,,81.189592,52.738257,62.017847,2.3622518,2.7902926,2.6506843,1.9917055,1.7241959,1.8114459,7.2695918,25.794417,19.752424,80.81823,27.266215,44.732557,49.311881,93.371078,79.000881,56.947677,97.027261,83.955041,12.246988,84.620796,66.366796,72.488036,99.231837,90.50917,72.694909,95.239439,87.886392
Bolivia,2013,,,83.922911,54.30944,64.017203,2.4421366,2.8464588,2.7139156,1.843083,1.6539959,1.7159816,4.1215939,20.956363,15.43766,86.681574,24.490521,44.877728,56.765822,94.920297,82.412659,54.433704,97.966216,83.695573,5.4525445,84.493118,65.880113,69.329887,99.520229,89.62336,72.581131,96.580334,88.713017
Bolivia,2014,,,85.774725,55.842113,65.701214,2.1573041,2.5941253,2.4502467,2.0020097,1.8251644,1.8834131,5.3234231,19.616273,14.908544,84.56941,23.437259,43.572756,60.384541,92.66316,82.03134,53.234647,95.988728,81.906536,3.7777972,84.047412,63.751634,71.474729,99.310161,90.141823,75.239078,97.37504,90.083974
Bolivia,2015,,,84.887325,58.830705,67.273085,2.2573207,2.647612,2.5211571,1.9290527,1.7374844,1.7994657,9.6173805,20.867794,17.222644,78.229572,21.441746,39.841079,43.472621,90.362776,75.170302,56.621945,96.166727,83.354164,8.7414596,74.945247,58.039994,74.953562,99.46435,91.522822,78.083368,95.878425,90.112802
Bolivia,2016,,,81.495256,54.478966,63.177845,2.1572201,2.5335103,2.4123499,1.8598857,1.7512139,1.7862048,8.5784378,24.675504,19.492467,76.075619,18.961632,37.351562,34.664751,90.728636,72.676825,56.547683,97.32393,84.194531,8.9176104,74.412322,57.683034,74.815234,99.526682,91.569931,78.621164,96.953282,91.050588
Bolivia,2017,,,80.832352,55.357751,63.846413,2.1132399,2.5655621,2.4148391,1.7512254,1.691648,1.7115004,7.6635268,19.648522,15.654875,73.959717,19.438376,37.60601,46.570497,91.087278,76.253369,54.677842,97.191385,83.024997,12.131308,73.834317,56.942192,76.790021,99.390217,91.859366,75.356803,96.928858,89.740605
Bolivia,2018,,,85.110933,54.19311,64.018145,2.0695205,2.5662428,2.4083949,1.8333309,1.6178474,1.6863235,5.4450909,20.673525,15.834249,75.234503,17.849255,36.085082,39.723128,90.528843,74.383853,59.429945,97.732919,85.561038,8.4505511,77.330229,60.88394,78.26468,99.531728,92.773506,79.445347,96.93876,91.37972
Bolivia,2019,,,81.091008,55.328745,63.401306,2.1833045,2.6102226,2.4764486,1.7250821,1.6202275,1.6530835,8.583177,21.59198,17.515694,63.913751,14.299762,29.84622,43.246135,89.906628,75.285643,69.282672,98.977814,89.672893,16.48329,78.22499,64.64406,83.976031,99.626985,94.722785,79.903808,96.696798,91.434744
Bolivia,2021,,,82.069721,55.4511,63.662887,2.2185532,2.6862504,2.5419668,1.6261654,1.5164755,1.5503146,11.003939,19.817189,17.09832,63.534638,10.377629,26.776451,43.476537,91.628071,76.773427,75.739899,99.392697,92.09586,21.150999,77.352876,65.897002,89.513091,99.926731,96.714145,87.894634,97.761692,94.717726
Brazil,1995,2003.0,Bolsa Família,70.552725,72.265815,71.93639,5.3812245,5.6246122,5.5777768,0.88676905,0.78417164,0.8039019,0.65313817,1.1297234,1.0380133,16.885912,3.8141445,6.3282928,11.586719,85.438079,71.235035,13.761508,70.940814,59.94373,4.4117753,58.600003,48.17248,62.915861,98.589696,91.728598,3.5253555,26.752564,22.285464
Brazil,1996,2003.0,Bolsa Família,71.37947,74.142402,73.619745,5.436196,5.6611145,5.6185706,0.87176553,0.77539747,0.79362758,0.50686034,1.0798769,0.97148954,16.123826,4.3245103,6.5565521,15.702222,87.825964,74.182816,18.157443,74.256422,63.644874,5.4807642,61.627778,51.007443,66.942201,98.915038,92.867095,4.5245739,30.284505,25.412164
Brazil,1997,2003.0,Bolsa Família,71.329044,74.293286,73.734326,5.4294272,5.6545254,5.6120912,0.85143885,0.76478772,0.78112691,0.66459795,1.1609916,1.0674145,15.133285,3.5543791,5.7378426,14.931322,87.454966,73.778615,14.877818,73.532802,62.472046,4.7213671,61.321855,50.651881,68.817801,99.056926,93.354139,4.9450886,33.204062,27.874634
Brazil,1998,2003.0,Bolsa Família,73.168407,74.20002,74.00657,5.4391862,5.7059372,5.6558528,0.84515161,0.74063936,0.76024125,0.72518213,0.89621186,0.86409985,15.237938,3.3736985,5.5985843,17.298736,88.569079,75.202381,15.774654,75.015155,63.905794,6.1671792,63.334301,52.600783,72.778247,99.137016,94.193812,6.5271091,37.896363,32.011995
Brazil,1999,2003.0,Bolsa Família,73.155096,74.428144,74.191055,5.4997537,5.6926278,5.6566941,0.82545293,0.72924455,0.74716245,0.45721128,0.72757512,0.67720457,14.002569,3.025711,5.069716,19.05239,89.18794,76.126844,16.339913,75.693375,64.640925,5.7186172,63.497508,52.732924,75.436121,99.186252,94.76296,7.9902663,44.339365,37.568225
Brazil,2001,2003.0,Bolsa Família,71.940146,73.694938,73.434905,5.4671543,5.6835831,5.6514589,0.81160262,0.71982771,0.73342684,0.67497219,0.83903703,0.81468516,13.58653,2.7582298,4.3626959,16.282998,88.51494,77.811297,14.865636,75.782718,66.757172,4.2565478,63.29458,54.531663,77.62953,99.215119,96.016528,15.174381,66.54516,58.935411
Brazil,2002,2003.0,Bolsa Família,72.768854,73.851802,73.695704,5.5511805,5.7890898,5.7547329,0.7884462,0.69373968,0.70739165,0.65194286,0.75870133,0.74328416,11.952956,2.4485829,3.8186432,18.344284,89.325592,79.094588,17.131,76.66415,68.083839,5.0457844,64.595763,55.996051,80.181746,99.426994,96.652996,19.271598,68.746579,61.615178
Brazil,2003,2003.0,Bolsa Família,73.52265,73.750672,73.717939,5.6009519,5.8072526,5.7776005,0.76667173,0.67827242,0.69096415,0.61897103,0.79072282,0.7660365,11.165716,2.4186274,3.6743794,20.04346,89.610323,79.623812,18.300409,77.333699,68.860091,4.9439072,65.360978,56.67708,81.921384,99.504184,96.980098,21.823243,68.671625,61.94622
Brazil,2004,2003.0,Bolsa Família,74.734303,73.528216,73.716362,5.4545065,5.7822244,5.7309807,0.80201068,0.67125769,0.69165273,0.76294884,0.63070456,0.65138294,13.057754,2.4648754,4.1173973,20.408398,90.37742,79.462423,19.480112,77.8102,68.710385,5.1726633,65.78784,56.309746,81.507163,99.585301,96.765107,25.52157,72.50933,65.180071
Brazil,2005,2003.0,Bolsa Família,74.726158,73.222982,73.45929,5.4373833,5.8125762,5.7535222,0.79534918,0.65399885,0.67621992,0.68389805,0.56977876,0.58774073,12.2614,2.0467244,3.6525405,21.411432,90.506887,79.644691,19.686767,78.689895,69.41427,5.1443869,66.040666,56.455809,83.469462,99.634816,97.093513,32.25203,78.661814,71.365856
Brazil,2006,2003.0,Bolsa Família,75.113442,73.035412,73.357591,5.4785535,5.8419532,5.7854432,0.77396247,0.64173374,0.66223493,0.78428619,0.49647914,0.54123414,10.77287,2.1485281,3.4857366,22.112913,91.63273,80.85434,21.25518,79.305115,70.304764,5.6071134,66.655469,57.162236,86.071277,99.708742,97.594314,37.897942,80.929829,74.258466
Brazil,2007,2003.0,Bolsa Família,76.257178,73.58081,73.99462,5.453534,5.7655663,5.7172591,0.75975706,0.63756391,0.65645693,0.63379615,0.67765946,0.67086877,10.757818,2.1532083,3.4836191,24.030922,91.951019,81.449481,24.598731,82.22342,73.313717,6.6792443,68.475695,58.908691,89.070615,99.781449,98.125382,41.91851,83.108481,76.73985
Brazil,2008,2003.0,Bolsa Família,76.40823,74.061026,74.421919,5.5300632,5.888744,5.8335326,0.7188303,0.60858354,0.62553447,0.69713396,0.58489351,0.60217058,9.2700325,2.1104351,3.2112553,26.542862,92.298388,82.188181,25.332191,81.783686,73.104015,7.2637673,68.574466,59.136969,91.398435,99.821747,98.526625,50.540868,87.638084,81.93422
Brazil,2009,2003.0,Bolsa Família,76.80708,73.059357,73.631231,5.5450731,5.8349651,5.7907165,0.7010219,0.60679416,0.6211726,0.47513495,0.60070086,0.58153468,8.9863358,1.8587677,2.9463801,28.729011,92.686082,82.926722,26.15381,80.523473,72.227078,7.0615785,68.407354,59.043634,93.332725,99.85168,98.856938,54.449287,89.502051,84.153267
Brazil,2011,2003.0,Bolsa Família,78.860874,74.140644,74.794561,5.5900193,5.7668853,5.7423932,0.68711719,0.59456363,0.60738553,0.413223,0.71688875,0.67483759,10.182595,2.4375037,3.5104695,28.072951,92.508856,83.582231,29.35305,84.882702,77.189904,6.9713298,71.398877,62.477052,95.784948,99.898571,99.328691,66.154175,93.707511,89.890411
Brazil,2016,2003.0,Bolsa Família,79.91379,71.70375,72.822287,5.5468532,5.8670103,5.8233921,0.64114945,0.55861485,0.56985937,0.06216991,0.25341805,0.22736238,8.9854467,2.5051293,3.3880086,64.688791,98.637096,94.011974,81.310915,97.774189,95.531231,8.6041386,74.776999,65.7616,98.490777,99.962492,99.761985,80.91992,96.541068,94.412841
Brazil,2017,2003.0,Bolsa Família,79.802176,71.150688,72.309073,5.5370975,5.8411219,5.8004148,0.63902337,0.55973051,0.57034737,0.06431201,0.21371256,0.19370869,9.2482907,2.9776151,3.8172224,64.617503,98.346695,93.830551,80.234242,97.938114,95.567668,7.2152648,74.958153,65.887771,98.589561,99.943244,99.761994,81.754759,96.626263,94.635055
Brazil,2018,2003.0,Bolsa Família,79.616762,69.892109,71.208117,5.5343214,5.877223,5.8308191,0.63879972,0.54927264,0.56138807,0.04642173,0.18290878,0.1644384,8.5012338,2.7636367,3.5400885,66.499754,98.669256,94.315854,80.543408,97.645989,95.331548,7.2932256,75.351451,66.141335,98.613426,99.896142,99.722556,83.043922,96.799637,94.938117
Brazil,2019,2003.0,Bolsa Família,79.221685,69.992958,71.2035,5.5344035,5.8820877,5.8364816,0.63640099,0.5434569,0.55564846,0.02585608,0.21158497,0.18722273,8.3564232,2.4595382,3.2330385,66.371667,98.593416,94.366857,81.670382,97.152525,95.121717,9.5995869,76.458533,67.688579,98.629801,99.925699,99.755715,84.031908,96.916455,95.226376
Brazil,2022,2003.0,Bolsa Família,80.172385,68.28659,69.789309,5.6057307,5.8010767,5.7763791,0.59433335,0.53367711,0.54134587,0.01881779,0.17071472,0.15151041,8.6545941,2.6698335,3.4264858,68.551034,98.671694,94.863544,84.636768,97.325135,95.720947,9.0292751,77.8702,69.166653,99.015714,99.889891,99.779369,90.194192,97.827024,96.862007
Chile,1987,2002.0,Chile Solidario,57.446385,62.917383,61.921992,4.4693583,5.7647445,5.5290532,1.1927438,0.8107721,0.88085705,22.482607,11.409233,13.423838,51.1902,22.055102,27.355719,30.434699,96.87636,84.845672,11.998277,85.871443,72.431523,4.012058,83.104701,68.71519,44.070578,92.146604,74.30313,,,
Chile,1990,2002.0,Chile Solidario,,,,4.3347064,5.2306248,5.0664302,1.1203176,0.90409375,0.94372101,16.03997,12.679423,13.295631,43.431562,18.223215,22.843139,45.997468,97.608445,88.149722,19.126742,86.924139,74.498936,4.1445947,83.904091,69.286599,62.892651,98.846714,92.257427,,,
Chile,1996,2002.0,Chile Solidario,52.964375,64.84364,63.002402,4.2681741,5.4929359,5.3040895,1.1135503,0.81351443,0.85977705,8.0979013,3.5577593,4.2614632,40.747063,11.133618,15.723437,49.982736,98.546034,91.018917,21.017678,90.518678,79.746301,4.3748089,87.395182,74.527357,74.767206,99.441775,95.617315,,,
Chile,1998,2002.0,Chile Solidario,56.470961,66.579891,65.166593,4.0386279,5.394088,5.2057172,1.2712384,0.8444525,0.90375727,6.7177828,3.030319,3.545852,40.000459,10.136082,14.310829,52.184316,98.962984,92.423002,24.655568,91.945189,82.537634,5.0501383,89.071482,77.324716,82.314483,99.667146,97.241124,7.8831183,62.485337,54.852171
Chile,2000,2002.0,Chile Solidario,54.608928,66.85902,65.228013,4.1594517,5.5418463,5.358868,1.1779027,0.79817081,0.84843336,9.5643637,2.7439711,3.6520546,33.568614,7.844563,11.268526,58.551793,99.007079,93.620765,31.825129,94.244624,85.933942,4.0764625,91.076454,79.493066,86.329143,99.793888,98.00116,28.940914,74.449451,68.390493
Chile,2003,2002.0,Chile Solidario,60.964909,66.236961,65.552111,4.3990486,5.5693886,5.4180217,1.0647136,0.76677145,0.80530605,4.4763935,2.1353944,2.439495,28.410319,7.3930341,10.123223,68.960279,99.281691,95.342877,41.055227,94.830733,87.845184,5.8826051,91.57693,80.445061,93.279632,99.693505,98.860329,59.772442,86.350452,82.897888
Chile,2006,2002.0,Chile Solidario,60.940445,66.950797,66.161848,4.7082569,5.6219327,5.5024438,0.93341785,0.74608257,0.77058194,2.844521,1.5090925,1.6843876,25.031136,7.6039087,9.8913046,76.368446,99.336844,96.325024,54.648879,96.808714,91.27886,10.880886,93.296844,82.486834,96.410445,99.814949,99.368108,79.71772,93.107586,91.350556
Chile,2009,2002.0,Chile Solidario,61.435068,65.341852,64.821049,4.8008764,5.5995572,5.4934146,0.85660828,0.70952191,0.72906931,1.8806015,0.77728697,0.92436694,21.847883,6.8944278,8.8878339,80.120228,99.504964,96.920836,65.92218,97.7221,93.482936,18.605478,94.1582,84.086464,97.80333,99.869036,99.593662,87.067538,95.554612,94.42457
Chile,2011,2002.0,Chile Solidario,58.349157,63.758441,63.058151,5.4743646,6.0577889,5.9820197,0.65872064,0.58973071,0.59869042,3.7498231,1.0316445,1.3835418,12.498425,4.6894301,5.700388,79.224188,99.457153,96.83778,65.753938,99.16325,94.838058,18.861554,97.905651,87.672548,97.781241,99.856911,99.588193,93.394265,97.503951,96.971908
Chile,2013,2002.0,Chile Solidario,62.595766,62.385792,62.412862,5.5033214,6.0211376,5.9543354,0.63031317,0.57914312,0.58574444,1.5384276,0.87666005,0.96197677,10.209255,3.897488,4.7106129,85.153253,99.740002,97.860556,72.313355,99.051208,95.607126,15.116,96.734425,86.22122,98.009404,99.823447,99.589594,95.455591,98.464889,98.07759
Chile,2015,2002.0,Chile Solidario,65.653867,61.854041,62.349177,3.6416212,3.9848737,3.9401638,0.95864861,0.86098459,0.8737057,1.7387402,1.2417498,1.3065101,10.077209,3.7601979,4.5833353,86.350348,99.694611,97.955788,78.757938,99.189901,96.527516,16.569453,97.28925,86.771066,98.633515,99.876858,99.714844,96.509629,98.773304,98.478382
Chile,2017,2002.0,Chile Solidario,63.334761,58.694249,59.281379,3.7938657,3.9893554,3.9646064,0.89884653,0.8273393,0.83639213,1.9591206,1.5051535,1.5625906,9.9678751,4.0026054,4.7570731,80.084173,99.779251,97.288078,71.314868,98.765958,95.297142,16.86008,97.038101,86.906525,98.556077,99.81541,99.656112,96.089334,98.507713,98.201736
Chile,2020,2002.0,Chile Solidario,71.459189,60.550306,61.770487,2.7525649,2.6585411,2.6690823,1.1809497,1.2000064,1.1978699,7.1064244,3.9637985,4.3153076,,,,81.284454,99.123626,97.128756,78.275453,98.701247,96.416581,27.069077,96.909916,89.098078,,,,,,
Chile,2022,2002.0,Chile Solidario,63.375276,56.200259,57.024707,2.7637227,2.57262,2.5946064,1.0854526,1.1560576,1.1479345,0.72377437,0.58776472,0.60339295,11.122,3.6613483,4.5186167,80.798838,99.014397,96.921333,83.227337,98.695232,96.917889,14.198911,95.977284,86.580516,98.470374,99.809799,99.655892,82.510776,91.43127,90.406258
Colombia,2001,2001.0,Familias en Acción,60.456222,54.708905,56.156579,2.7365305,3.2215037,3.0993401,1.8175788,1.5024742,1.5818483,,,,,,,73.328243,98.494581,92.155512,53.017712,96.755766,85.738727,14.574824,93.780922,73.82995,86.134204,99.919101,96.298523,7.6668739,67.387277,52.344494
Colombia,2008,2001.0,Familias en Acción,86.31963,58.227115,64.736589,2.9289196,3.3687576,3.2668397,1.5481606,1.2588312,1.3258736,1.5714761,5.1427449,4.2929285,86.238275,35.58298,47.637135,70.425034,97.711257,91.388613,65.845731,97.354989,90.053814,14.80314,92.550939,74.535591,85.781822,99.622352,96.328799,66.588793,94.075577,89.424092
Colombia,2009,2001.0,Familias en Acción,85.740798,58.739064,64.944497,2.89784,3.3333882,3.2332932,1.535444,1.2402951,1.3081245,3.1650166,4.7582335,4.3846261,86.383289,36.660408,48.320363,70.207442,96.785423,90.67738,63.089894,96.324429,88.686604,12.462217,90.846144,72.832269,84.779614,99.5745,96.105117,69.52595,93.244615,88.359576
Colombia,2010,2001.0,Familias en Acción,86.360496,57.653322,64.198339,2.8660504,3.3162771,3.2136288,1.5471035,1.2364943,1.3073108,3.9213245,5.8504582,5.4007696,86.321263,36.804,48.346668,70.010095,96.501338,90.461536,64.336893,96.33758,89.041667,12.018288,90.784086,72.826085,86.379651,99.717001,96.608012,72.181528,93.522348,88.656798
Colombia,2011,2001.0,Familias en Acción,84.601916,57.308396,63.493835,2.884689,3.354166,3.24777,1.5054031,1.2117706,1.2783156,4.3205556,5.6372507,5.3325578,86.986187,35.72264,47.585399,69.972631,96.414278,90.421896,65.781797,96.262994,89.355142,12.061588,91.265303,73.31563,86.560663,99.751032,96.698684,78.968845,95.042322,91.399644
Colombia,2012,2001.0,Familias en Acción,83.293779,55.119121,61.375211,2.9051132,3.3155712,3.2244304,1.5068965,1.1953954,1.2645632,4.5864527,5.775867,5.5066265,84.803323,34.457055,45.853634,71.480076,96.68871,91.091216,66.326219,96.891317,90.104438,12.134031,92.089173,74.335397,87.767145,99.733412,97.024681,82.266582,95.941537,92.905058
Colombia,2013,2001.0,Familias en Acción,83.283402,54.934445,61.180541,2.9582723,3.3523093,3.2654916,1.4568616,1.1539004,1.2206515,4.702439,5.375968,5.2261023,84.166511,32.739293,44.182266,71.346657,96.605881,91.040543,68.602999,97.235974,90.927301,12.739392,92.114004,74.62548,89.431832,99.832275,97.518092,84.361513,96.537869,93.855065
Colombia,2014,2001.0,Familias en Acción,82.619289,53.623168,59.951221,2.9971568,3.3359335,3.2619995,1.4143439,1.1374341,1.1978664,4.4461696,6.037381,5.6901184,82.938413,31.27022,42.546179,71.174801,96.621264,91.067881,69.490834,97.24273,91.186213,12.636915,92.203828,74.83931,89.897308,99.811554,97.64789,85.760457,96.76472,94.363172
Colombia,2015,2001.0,Familias en Acción,82.277948,52.881814,59.310532,2.9818407,3.3521986,3.271204,1.3823701,1.115409,1.1737914,4.4576168,5.4515781,5.2342056,83.167284,30.845049,42.28756,71.847181,96.914481,91.432447,72.072999,97.632226,92.042611,13.314164,92.552773,75.223871,92.132493,99.828797,98.145669,86.53732,97.171422,94.845822
Colombia,2016,2001.0,Familias en Acción,82.128773,52.935706,59.28497,3.0378109,3.3675747,3.2958526,1.34383,1.0892141,1.1445919,3.9247922,4.5903487,4.4455867,81.849719,28.365291,39.998432,71.721025,96.574756,91.169263,73.653708,97.607774,92.397952,13.766142,93.045138,75.802576,93.231622,99.831178,98.39574,87.254089,97.004399,94.883783
Colombia,2017,2001.0,Familias en Acción,82.787852,51.964767,58.579389,3.0339335,3.3556019,3.2865707,1.335747,1.0770507,1.1325679,3.9846874,4.326422,4.2530859,80.542062,26.845987,38.369143,71.992165,96.473751,91.220012,73.383778,97.716467,92.494682,13.040792,93.364481,76.12705,93.257259,99.862763,98.445224,86.38637,97.004743,94.726045
Colombia,2018,2001.0,Familias en Acción,81.443509,51.402492,57.901607,2.9709426,3.331409,3.2534247,1.3312479,1.073717,1.129432,4.4117256,4.5776629,4.5417638,80.34019,25.464233,37.336173,70.229018,96.056601,90.469026,73.434093,97.728679,92.472755,12.285843,93.669255,76.062656,93.334366,99.874277,98.459423,85.538443,96.828836,94.386257
Colombia,2019,2001.0,Familias en Acción,81.545057,50.621724,57.316739,2.9416204,3.3189027,3.2372197,1.3257306,1.0760631,1.130117,4.0577992,4.6808951,4.5459925,77.834984,23.697281,35.418292,71.748471,96.312395,90.994216,74.846099,97.729737,92.775345,13.249652,93.738534,76.312396,93.988285,99.904435,98.623567,87.176774,97.097584,94.949692
Colombia,2020,2001.0,Familias en Acción,79.451943,48.575958,55.263055,2.8997784,3.2313841,3.1595558,1.3209218,1.0899418,1.139986,4.0218069,4.3644607,4.2545678,76.099141,22.88876,39.953934,,,,,,,,,,95.11097,99.893448,98.359653,88.003873,97.616432,94.533575
Colombia,2021,2001.0,Familias en Acción,79.654997,48.365552,55.129874,2.8868934,3.2544633,3.1750021,1.2908982,1.0677773,1.1160115,3.8097105,4.4125204,4.2822017,75.899711,22.613427,34.133144,73.922532,96.623656,91.716005,75.333003,97.88219,93.007385,13.377753,93.835685,76.441855,95.373693,99.906992,98.926959,88.332183,97.508111,95.524409
Costa Rica,2006,,,75.098467,73.647535,74.224835,4.6813485,5.163336,4.9714364,0.88632566,0.7746061,0.81908639,0.88743192,1.0091876,0.96070164,3.8517614,2.983703,3.3294247,91.972271,99.747272,96.651083,91.617566,99.065387,96.099693,5.4741852,43.702759,28.480285,97.964446,99.930421,99.147523,69.291097,88.603943,80.91453
Costa Rica,2007,,,73.241171,72.375936,72.721342,4.7132229,5.2094071,5.0113648,0.89371993,0.75631489,0.81115746,0.67163167,0.70747545,0.69316848,4.0576102,2.117296,2.8918767,93.582516,99.732356,97.27766,92.364481,99.39512,96.588693,4.9592806,39.284064,25.582604,98.166312,99.917154,99.217998,71.75089,89.664382,82.51494
Costa Rica,2008,,,75.117592,71.628938,73.032205,4.7277693,5.2003173,5.010254,0.86312151,0.75897005,0.80086075,0.70697667,1.0432523,0.90799907,3.5239386,1.8888012,2.5462234,92.607049,99.46877,96.709442,93.194455,99.125451,96.737755,4.3393492,39.98774,25.63644,98.282766,99.924095,99.263937,77.185487,91.298667,85.623645
Costa Rica,2009,,,74.433676,71.542684,72.710138,4.7327819,5.2453811,5.0383743,0.85880419,0.74255336,0.7894998,0.3158602,0.50387214,0.42794587,3.7991894,2.341971,2.9304504,94.151365,99.596235,97.397392,94.02703,99.260276,97.146895,5.7400646,40.009584,26.170266,98.641978,99.929925,99.409804,79.270073,91.902541,86.801077
Costa Rica,2010,,,73.166025,69.479164,70.44479,4.5638976,5.0239404,4.9034506,0.87407954,0.74584304,0.77942946,0.63360099,0.80358062,0.75907565,3.3673694,1.6559076,2.1037416,88.560817,99.200151,96.413478,92.144125,99.181457,97.338227,6.9280852,33.312609,26.401929,97.426458,99.727362,99.124705,80.192661,92.67607,89.406393
Costa Rica,2011,,,72.959405,69.254812,70.230953,4.5967261,5.0216929,4.9097036,0.84811821,0.74256273,0.77037922,0.23753852,0.32933091,0.30514215,3.2315228,1.797235,2.1763658,88.60296,99.528811,96.649578,92.33223,99.268521,97.440267,6.7210894,35.856168,28.176801,98.033751,99.948555,99.443957,91.083138,97.041443,95.471281
Costa Rica,2012,,,73.482206,68.79178,70.02438,4.6137926,5.0194965,4.9128813,0.8307063,0.71815306,0.74773099,0.59823132,0.48608619,0.51555104,3.3789102,2.0335864,2.387254,90.510006,99.544448,97.170644,93.433513,99.4746,97.88706,7.9772247,34.361514,27.427972,98.698554,99.975289,99.639775,94.490658,98.080742,97.137302
Costa Rica,2013,,,73.13631,70.387714,71.108154,4.6145545,5.0447926,4.932022,0.82247211,0.71929106,0.74633606,0.18849489,0.16201574,0.16894326,2.763767,1.8789757,2.111187,90.809028,99.751109,97.407281,94.119677,99.283334,97.929877,7.9983436,33.704971,26.966953,98.842432,99.924881,99.641158,96.208434,98.437711,97.853391
Costa Rica,2014,,,74.557438,71.355604,72.212809,4.5751012,5.0582958,4.9289334,0.8067875,0.70852305,0.73483072,0.33098785,0.29433407,0.30414714,3.2878423,1.9726156,2.3245983,91.630174,99.5516,97.430851,95.019196,99.460675,98.271588,7.0728671,34.536156,27.183598,98.414246,99.704804,99.359291,96.591323,98.561481,98.034024
Costa Rica,2015,,,74.142629,69.275892,70.609827,4.4919029,4.9411763,4.8180339,0.79541423,0.72144697,0.74172083,0.32238746,0.4801319,0.43689536,3.9201983,2.6037788,2.9646258,90.616579,99.514969,97.075988,95.198872,98.937605,97.912847,5.6293043,27.781887,21.710034,98.147021,99.642916,99.232903,96.576006,98.771876,98.170005
Costa Rica,2016,,,74.831164,69.879332,71.2235,4.4654502,4.9235298,4.7991848,0.79738559,0.71615658,0.73820607,0.06989702,0.54304518,0.41460982,3.1417377,2.6961524,2.8170557,90.50065,99.584876,97.118976,94.920652,99.159665,98.008991,5.1376774,28.713995,22.314239,98.622487,99.796519,99.477829,97.363848,98.775076,98.392001
Costa Rica,2017,,,75.691456,71.732882,72.821155,4.478468,4.9770873,4.8400092,0.77810482,0.70832822,0.72751088,0.14966522,0.66347854,0.52222337,3.1842796,2.7343502,2.8580684,91.240646,99.478159,97.21354,96.295607,99.028992,98.277542,6.3933546,30.847996,24.12504,99.007722,99.786413,99.572339,97.217468,98.763094,98.338177
Costa Rica,2018,,,75.899915,69.512235,71.269444,4.4873276,4.9085749,4.7926925,0.77288692,0.70509719,0.7237457,0.3186715,0.53284289,0.47392576,3.059951,2.1937875,2.4320919,91.697083,99.284478,97.197236,96.496941,99.23395,98.481017,6.1315748,29.641859,23.174336,98.886396,99.866436,99.596833,97.039311,98.710117,98.25049
Costa Rica,2019,,,74.423203,69.529528,70.876257,4.5301156,4.8990753,4.7975384,0.74975986,0.69880681,0.71282898,0.14028365,0.36164277,0.3007252,2.6475112,2.0171683,2.1905991,91.622705,99.482616,97.319585,97.304647,99.160534,98.649798,4.9528302,29.037949,22.409775,99.106316,99.903642,99.68422,97.203407,98.936619,98.459642
Costa Rica,2020,,,77.259975,70.397318,72.289112,4.537414,4.8892651,4.7922721,0.74426985,0.69733107,0.71027045,0.07143487,0.18841238,0.15616578,2.7538594,2.5130582,2.5794722,92.343132,99.600032,97.599559,97.302203,99.277408,98.732914,5.1749589,28.520472,22.084931,99.678317,99.905966,99.843211,97.811516,99.180105,98.802833
Costa Rica,2021,,,77.143335,73.116623,74.214716,4.5171953,4.8772163,4.7790378,0.74489952,0.67709749,0.69558725,0.19366325,0.17848317,0.18262281,2.0611932,2.0797652,2.0746978,92.831599,99.61407,97.764476,97.159312,99.276991,98.699495,5.3052727,32.518676,25.097523,99.319978,99.888685,99.733598,97.262746,98.600685,98.235826
Costa Rica,2022,,,77.211962,72.798776,74.011484,4.4822707,4.8802669,4.7709008,0.72016786,0.65549593,0.67326726,0.13599161,0.19601778,0.17952307,2.5625577,1.5749171,1.8463266,92.878069,99.58387,97.74117,97.636306,99.294097,98.83855,5.7152151,31.139869,24.153378,99.501784,99.924535,99.808366,96.823924,98.684892,98.173513
Costa Rica,2023,,,77.969349,71.899487,73.561378,4.4521107,4.8019001,4.7061299,0.71304786,0.64763785,0.66554671,0.20342829,0.26124484,0.24541502,2.3812149,1.6947848,1.8826653,93.391131,99.673829,97.953664,98.344212,99.636057,99.282358,10.836178,34.68556,28.155745,99.488675,99.898764,99.786484,96.969388,98.449993,98.044613
Dominican Rep.,2000,,,79.964622,62.35769,68.901369,3.1189525,3.5758756,3.4053372,1.4217517,1.2447509,1.3108133,0.10138663,0.19934399,0.16283733,18.434914,4.152405,9.4818704,51.482521,86.46542,73.408677,23.791631,73.393984,54.88079,5.8261149,35.301623,24.300415,75.815579,96.612823,88.850623,14.651376,47.77046,35.998822
Dominican Rep.,2001,,,78.982192,60.041499,67.043566,3.1218925,3.5635543,3.400228,1.3573874,1.230599,1.2774853,0,0.60684221,0.38228203,15.758979,3.7094275,8.1629154,49.228188,82.623086,70.273669,23.818919,74.723371,55.89893,2.6425669,32.475926,21.443565,78.114485,96.969827,89.997131,13.794709,49.853594,37.028068
Dominican Rep.,2002,,,79.433657,60.831798,67.499471,3.1255064,3.5290521,3.3840096,1.349721,1.2425642,1.2810785,0.05607895,0.99190605,0.65568356,16.270535,4.6747281,8.842702,50.017155,86.00851,73.072492,24.939708,76.48589,57.959155,3.1673847,36.458421,24.492952,78.302286,96.767877,90.130972,14.111768,48.747007,36.676501
Dominican Rep.,2003,,,79.864476,62.036434,68.307906,3.1830586,3.4500939,3.3561769,1.2946339,1.2346658,1.2557567,0.58974068,1.4570682,1.1519196,18.972912,4.6003169,9.6581114,55.575226,83.192988,73.479756,29.172961,75.384706,59.131926,4.9277546,33.384109,23.375942,78.564993,95.154474,89.319915,27.704766,58.401158,47.605165
Dominican Rep.,2004,,,78.126214,61.269908,66.816723,3.1843673,3.4660265,3.3735328,1.3396562,1.2112897,1.2534438,0.23261539,2.3542589,1.6567991,16.565609,4.0195889,8.1403318,55.530512,83.226554,74.131484,30.702974,76.609161,61.534084,4.8256887,32.1892,23.203329,80.412738,95.593753,90.608478,33.885291,65.974206,55.436566
Dominican Rep.,2016,,,73.683374,54.803747,58.744216,3.2132511,3.3796448,3.3449159,1.0617518,1.080949,1.0769423,0,0.12003355,0.09497229,19.334433,4.6882608,7.6538172,42.926446,74.436373,67.859767,51.068453,86.136862,78.817546,2.0285648,25.602278,20.682081,94.193029,99.532648,98.41959,79.948027,87.985286,86.307787
Dominican Rep.,2017,,,73.74757,54.256719,58.209877,3.1963478,3.3389963,3.3100642,1.0517899,1.0466376,1.0476827,0,0.14096216,0.11237204,15.424082,4.6442509,6.7815513,68.798535,91.663707,87.026165,56.098585,87.588337,81.201548,1.2768665,25.535483,20.615321,96.126979,99.543052,98.851031,74.774591,83.528564,81.753073
Dominican Rep.,2018,,,71.178135,53.175324,56.7451,3.1945711,3.3192624,3.2945374,1.0053923,1.0313308,1.0261874,0,0,0,16.284933,4.4290588,6.7526384,69.61054,90.462401,86.327686,58.391215,88.481867,82.515193,1.8987584,24.684933,20.166664,96.024823,99.613529,98.901924,72.502481,82.327027,80.378918
Dominican Rep.,2019,,,71.609898,51.172487,54.97649,3.1778415,3.3216746,3.294903,1.0216363,1.0142167,1.0155977,0,0.118963,0.0968282,14.490187,3.9869798,5.9099553,68.668951,91.431646,87.194839,61.692805,90.167992,84.867922,1.9538485,28.075268,23.213304,96.238246,99.737351,99.086064,72.383171,84.061503,81.887822
Dominican Rep.,2020,,,71.740664,50.49046,54.368365,3.1235375,3.2322091,3.2123778,0.99499195,1.0100156,1.007274,0,0.12528205,0.10241959,12.763956,4.2938417,5.8184882,75.60116,92.829958,89.68591,65.874253,91.605646,86.909977,3.2775242,25.831795,21.715913,97.121517,99.715268,99.24194,86.548812,94.751019,93.254216
Dominican Rep.,2021,,,69.68893,48.82608,52.41191,3.149671,3.211457,3.200845,1.023333,1.021513,1.021826,0,0.115891,0.095985,11.61521,4.146353,5.402081,74.04912,91.86231,88.80272,69.13379,92.83752,88.76617,1.277192,28.15832,23.54123,98.02389,99.79179,99.48825,87.00726,94.61648,93.30953
Dominican Rep.,2022,,,70.71007,48.87561,52.63762,3.217703,3.199737,3.202832,0.974504,1.016484,1.009251,0.052824,0.017059,0.023222,12.72535,2.78161,4.457377,73.37762,92.00037,88.79172,71.36486,93.48347,89.6725,1.50344,27.91361,23.36322,98.1804,99.88082,99.58812,87.81055,95.07804,93.82587
Ecuador,2003,,,77.128416,61.447767,66.492751,4.6797269,5.1330373,4.9871923,1.019624,0.87009142,0.918201,,,,63.106829,21.042043,34.575676,,,,58.167598,94.302572,82.676756,11.598135,67.404932,49.450039,85.869806,99.291127,94.973044,9.852804,46.875664,34.964186
Ecuador,2005,,,79.610631,63.14257,68.429015,4.7693299,5.2697092,5.1090603,0.96332115,0.81130458,0.86011015,31.450478,15.97398,20.942121,68.337579,21.266488,36.376872,50.024963,91.578621,78.239399,61.471878,95.998695,84.915173,12.763216,71.969203,52.963372,87.718723,99.668752,95.83265,12.231448,54.610575,41.006367
Ecuador,2006,,,79.592456,65.206166,69.783903,4.9193107,5.4152112,5.257415,0.93748979,0.78748723,0.83521825,,,,59.873149,15.474029,29.60189,57.927494,93.002855,81.841827,65.591156,96.878268,86.922666,13.1889,70.928975,52.556004,89.435963,99.525886,96.315259,8.6640218,43.424496,32.363666
Ecuador,2007,,,77.432479,60.555968,65.882816,4.7662768,5.2562467,5.1016192,0.93889588,0.77620558,0.82754832,33.488336,13.22186,19.618705,55.549632,15.454289,28.109854,60.777954,94.273395,83.701002,65.515124,97.507618,87.40961,14.719036,73.838933,55.178519,90.696294,99.633543,96.812618,9.277283,47.61925,35.517115
Ecuador,2008,,,78.528308,62.615076,67.701915,4.7958148,5.303498,5.1412447,0.9127869,0.77117966,0.8164367,,,,60.027661,17.176234,30.874162,60.063962,93.948134,83.116687,72.36678,97.04792,89.158323,17.416885,76.412399,57.553837,92.140953,99.586687,97.206576,9.6127423,50.02277,37.105262
Ecuador,2009,,,76.896132,60.44479,65.729284,4.8268374,5.2494128,5.1136529,0.88522265,0.7725562,0.80875231,26.810358,14.567142,18.499903,59.038704,17.817414,31.058502,61.984133,93.100471,83.105292,72.901096,97.2474,89.426889,17.624586,76.556746,57.626578,91.159456,98.984382,96.470862,11.262988,47.175054,35.639393
Ecuador,2010,,,78.59901,62.164435,67.412093,4.9120836,5.3903436,5.2376291,0.86668892,0.73703598,0.77843581,23.965515,11.304805,15.348097,56.897147,15.416524,28.661535,59.994534,93.372495,82.714713,78.033758,98.532486,91.987119,18.525604,77.721812,58.820108,92.659412,99.715049,97.462142,13.191939,50.358846,38.49123
Ecuador,2011,,,79.282872,61.943894,67.796793,4.8284236,5.385738,5.1976124,0.79124539,0.7098267,0.73731018,29.450875,8.6487466,15.669135,56.947614,11.859359,27.07923,53.343009,93.589568,80.004047,78.957579,99.018117,92.246535,18.347398,86.38152,63.416104,91.161191,99.783081,96.872699,14.117977,53.072501,39.923116
Ecuador,2012,,,79.498463,64.024015,69.186279,4.9249501,5.5269821,5.3261447,0.77928362,0.68162116,0.71420128,20.796585,7.8695634,12.182529,51.855917,10.751223,24.463717,54.193443,94.570082,81.100467,81.333784,99.166156,93.217291,20.586426,87.999321,65.510431,92.33289,99.628858,97.194929,15.104435,56.008827,42.363153
Ecuador,2013,,,78.864023,63.698203,68.464065,4.9665687,5.3110903,5.2028193,0.8096513,0.72532212,0.75182382,22.878363,11.049776,14.76516,47.084769,13.264441,23.892486,62.429814,92.953249,83.361254,83.670061,98.580723,93.895045,25.523942,80.241818,63.046714,94.733695,99.547373,98.034674,17.630159,49.594161,39.549467
Ecuador,2014,,,78.26968,65.462628,69.407557,5.0712007,5.2604602,5.2021629,0.81917777,0.74208484,0.76583164,18.028836,11.53927,13.538194,41.609727,13.133701,21.905112,72.790096,94.705393,87.95487,86.46322,98.387209,94.714288,25.482261,77.447844,61.440994,97.054058,99.83164,98.976067,18.907414,46.856398,38.247331
Ecuador,2015,,,77.966546,61.355951,66.349346,5.0309696,5.207119,5.1541658,0.80851566,0.71240009,0.74129388,20.101531,11.613073,14.164832,40.687139,11.434013,20.227944,72.848108,96.121526,89.125186,85.948782,98.94838,95.040505,28.894794,80.53564,65.011623,96.398108,99.869408,98.825883,18.311317,47.794301,38.931272
Ecuador,2016,,,78.006373,61.201192,66.310517,5.1287391,5.3083687,5.2537554,0.79433866,0.71344897,0.73804208,18.395949,9.7075453,12.349842,37.230881,12.068502,19.718689,79.629774,95.740555,90.842351,86.929613,98.782649,95.178938,30.661465,79.600849,64.721674,96.364104,99.780463,98.741778,19.154367,46.8119,38.403105
Ecuador,2017,,,78.765233,58.702429,64.747381,5.1152525,5.2705496,5.2237583,0.79116084,0.71049969,0.73480302,20.608789,10.301874,13.407079,42.337011,11.473815,20.772941,77.23333,96.838482,90.931421,85.494022,98.777472,94.775149,28.848791,82.098789,66.054486,97.227275,99.87312,99.075923,17.265101,45.439496,36.950509
Ecuador,2018,,,81.233906,64.41819,69.460117,5.1584545,5.340164,5.2856812,0.78350772,0.69853374,0.72401185,15.896193,7.4240815,9.9643108,44.411972,10.430407,20.619244,71.867618,95.47436,88.39625,88.087773,99.380624,95.99464,22.321128,82.572059,64.506766,96.52706,99.689645,98.741394,,,
Ecuador,2019,,,80.381412,64.794527,69.420026,5.1841156,5.3475259,5.2990329,0.78644637,0.69108639,0.71938502,20.605512,6.6630791,10.800577,43.906584,10.83659,20.650304,72.783294,96.182815,89.23887,87.994011,99.219306,95.888134,20.581088,84.076738,65.234033,96.925031,99.711382,98.884516,,,
Ecuador,2020,,,81.268669,65.165332,69.865135,5.2516842,5.2717005,5.2658587,0.79171464,0.70299807,0.72889024,18.055487,6.6021685,9.9444151,44.992342,10.274634,20.407093,73.492968,96.310129,89.650877,85.553682,99.562684,95.474118,23.216624,80.4036,63.713423,94.130064,99.823803,98.16207,,,
Ecuador,2021,,,79.073353,62.230955,67.20894,5.3320039,5.311687,5.3176919,0.77018187,0.70206505,0.72219784,22.372536,7.6509827,12.002126,35.998251,9.8023604,17.54489,81.883386,94.810355,90.989625,81.155814,99.309065,93.94364,20.935975,82.03151,63.973946,95.205199,99.967346,98.559832,,,
Ecuador,2022,,,81.21299,63.84205,69.09931,5.337495,5.259024,5.282773,0.729368,0.697199,0.706935,22.60941,8.221959,12.57627,37.69178,9.929711,18.33181,74.51815,94.91854,88.74443,81.05921,99.54963,93.95357,22.16148,82.71069,64.38568,92.8993,99.86565,97.75731,,,
Ecuador,2023,,,76.353711,65.559066,68.835925,5.3522434,5.2995207,5.3155254,0.74195911,0.69065083,0.70622615,29.128206,8.8282258,14.990557,37.999198,8.9084901,17.739364,79.371763,95.738915,90.770447,85.485762,98.818367,94.771076,21.508798,80.166865,62.360423,95.508479,99.988521,98.628545,,,
El Salvador,2000,,,72.561794,64.217719,67.341637,1.7606043,2.7474045,2.3779588,3.4468703,2.0084942,2.5470043,4.7015539,9.0290937,7.4089165,69.781349,22.376513,40.124295,29.566766,73.899552,57.301907,5.7781847,64.727974,42.657904,0.92006708,59.031261,37.275151,65.170985,96.097903,84.519249,10.433122,52.019957,36.450362
El Salvador,2001,,,75.370774,66.253524,69.641575,1.7802738,2.8319357,2.4411288,3.4563303,1.9259999,2.4946842,12.480274,10.892388,11.482461,65.666918,19.769612,36.825458,33.710804,75.868032,60.202032,8.085603,66.845425,45.009753,1.5718607,61.257682,39.077901,70.068712,97.114157,87.063829,18.483701,56.659322,42.472922
El Salvador,2002,,,78.584275,66.445772,70.950017,1.7649581,2.8092861,2.4217664,3.4027034,1.9248538,2.4732408,9.6581414,9.2198093,9.3824616,63.641771,18.935195,35.524503,31.242034,76.787287,59.88677,6.3197454,67.004431,44.486112,1.2237304,61.55518,39.167936,71.064874,97.2748,87.54906,21.868362,57.898046,44.528479
El Salvador,2003,,,75.279869,65.872909,69.422387,1.7875781,2.7224482,2.3696986,3.2165185,1.9348821,2.4184751,7.5574573,8.2032935,7.9596035,61.772825,18.279282,34.69047,33.580754,73.599544,58.499466,9.7917403,66.380476,45.028149,2.3491309,59.70251,38.061664,71.224688,96.49703,86.961151,22.215981,56.294185,43.435637
El Salvador,2004,,,73.602075,66.033297,68.841526,1.7910427,2.8002016,2.4257753,3.209811,1.8714388,2.3680356,4.6618211,6.8271129,6.0237289,58.245332,17.742495,32.770185,31.695743,73.417839,57.93777,8.8490896,66.338754,45.008475,2.274803,58.462782,37.615465,71.896139,96.477373,87.357045,29.696919,62.210689,50.147168
El Salvador,2005,,,74.613357,66.68481,69.60068,1.8777127,2.7779486,2.4468701,3.0678944,1.8468791,2.2959302,4.6592462,5.8716119,5.4257419,56.839647,18.060964,32.322546,33.664649,74.69534,59.60554,10.871412,68.749042,47.463467,2.4148929,59.687227,38.624261,72.174217,96.455867,87.525839,40.241977,68.493651,58.103573
El Salvador,2006,,,72.042201,64.435762,67.258444,1.9028026,2.7721696,2.4495552,2.9971,1.8386292,2.2685275,4.2168043,6.0372091,5.361673,55.722694,17.586022,31.738203,37.77133,80.326709,64.534784,12.081408,68.148906,47.342754,2.4365115,58.041189,37.406785,75.653518,97.195509,89.201467,50.70421,74.359716,65.581367
El Salvador,2007,,,74.366176,63.84597,67.422799,1.9631805,2.7846724,2.5053683,2.8958175,1.7966695,2.1703756,6.7536644,6.4882561,6.5784939,54.911354,18.414832,30.823509,43.815549,80.959634,68.330788,13.684353,67.202527,49.006554,2.1228563,55.910383,37.622831,79.511198,97.084368,91.109558,66.460104,83.543963,77.735517
El Salvador,2008,,,75.820916,66.383665,69.412344,2.0067617,2.8222638,2.5605463,2.8228422,1.7558607,2.098285,9.2878942,7.4298908,8.0261762,57.919259,18.631003,31.239706,44.355959,82.313415,70.131803,10.957841,65.108619,47.730115,0.8259075,54.480377,37.261153,79.393669,96.485463,91.000227,76.450431,89.629502,85.399968
El Salvador,2009,,,75.098892,64.833573,68.300144,1.9990685,2.8375389,2.5543896,2.778314,1.7350615,2.0873651,9.2034691,6.4303103,7.3667987,59.631938,18.635816,32.480098,48.372202,83.114864,71.382358,11.351742,67.258484,48.378924,0.63352155,56.260119,37.475163,80.329462,96.567595,91.08402,77.21503,90.316059,85.891876
El Salvador,2010,,,75.721561,64.619722,68.440874,2.0593741,2.8256611,2.5619121,2.6656674,1.7082537,2.0377867,5.0605821,5.1441221,5.1153684,58.176837,18.735725,32.310994,49.997242,83.425021,71.919486,12.573314,67.191253,48.392259,0.76596371,55.817908,36.869534,81.498281,96.871589,91.580238,83.795804,92.410179,89.44519
El Salvador,2011,,,75.399547,63.241315,67.461995,2.0892153,2.8255371,2.569926,2.6048722,1.6964298,2.0117918,3.8898415,4.8473826,4.5149761,56.311904,18.12914,31.384129,53.106302,84.149662,73.373087,12.853877,67.7189,48.672733,0.58873961,55.361205,36.347168,83.820242,97.229737,92.574686,86.089105,93.331134,90.817093
El Salvador,2012,,,74.865535,64.378358,67.966336,2.1615945,2.8526574,2.616224,2.5120491,1.6460447,1.9423308,4.5856193,4.8066348,4.7310187,54.679332,17.38401,30.14386,56.143182,85.377403,75.375498,14.707266,68.995558,50.421901,0.83407537,56.552066,37.489267,85.670994,97.84601,93.680571,88.382188,94.702086,92.539859
El Salvador,2013,,,74.365398,62.16638,66.438548,2.1630068,2.8784728,2.6279123,2.4333274,1.6011121,1.8925588,3.0896183,4.9317003,4.2865505,54.457797,18.036801,30.79165,58.920389,85.277712,76.047221,15.849298,67.903999,49.674134,0.9804996,55.576761,36.456827,89.999795,97.761193,95.043105,89.830784,95.549702,93.546903
El Salvador,2014,,,70.50631,60.405566,63.979443,2.1491359,2.9011588,2.6350757,2.3691869,1.5762517,1.8568105,2.9451347,3.972447,3.6089601,53.348214,16.878586,29.782385,59.075348,85.727894,76.297606,16.069981,69.37197,50.512492,0.89035138,55.890507,36.430179,90.262428,97.788212,95.125416,90.490719,96.011377,94.05804
El Salvador,2015,,,70.610393,59.895619,63.722207,2.2035904,2.8753959,2.6354727,2.2456029,1.5722589,1.8127315,2.0723635,4.0267105,3.3287508,50.79301,15.824215,28.312687,61.283565,85.626181,76.932656,17.29682,70.227188,51.324065,0.96982604,55.648352,36.120906,90.628829,98.04121,95.394012,90.880425,96.298386,94.363459
El Salvador,2016,,,73.761216,60.691748,65.436539,2.211509,2.9011529,2.6507819,2.2605583,1.5385211,1.8006523,2.0408321,3.2488332,2.8102757,49.608488,15.401189,27.819942,62.971601,87.12792,78.358114,19.034286,72.21341,52.90705,0.95574287,56.315866,36.217708,91.87387,98.358208,96.004109,90.878614,96.025196,94.15676
El Salvador,2017,,,73.809585,60.732559,65.710777,2.2189508,2.8706559,2.6225621,2.1904272,1.5320572,1.7826883,1.5973561,2.8148274,2.3513312,47.539991,14.880603,27.313518,64.386533,87.806581,78.890938,20.298012,71.292876,51.879935,1.1219935,54.290264,34.049941,93.177385,98.837731,96.682926,91.381076,95.97297,94.224909
El Salvador,2018,,,72.576444,61.667822,65.672697,2.2456832,2.9105551,2.6664611,2.1322071,1.4929984,1.7276707,1.6009617,2.596305,2.2309233,46.394896,13.793124,25.762192,65.479583,88.788898,80.231364,22.562749,74.519785,55.444831,1.2476908,57.599348,36.911,94.016941,98.726019,96.997178,91.789775,96.613986,94.842876
El Salvador,2019,,,,,,2.2842456,2.9349232,2.6942317,2.0165346,1.4401212,1.6533417,1.703181,3.1553076,2.618153,45.573096,13.81581,25.563115,66.699625,88.516367,80.446158,25.074679,74.569727,56.261065,1.0467597,55.945553,35.637997,95.249976,98.968835,97.593196,92.872802,96.980353,95.460933
El Salvador,2020,,,71.06248,61.687135,65.214285,2.304774,2.9261247,2.6923629,1.9244161,1.4256015,1.6132633,1.7103194,3.5412057,2.8523979,43.012929,14.605118,25.292576,64.981628,89.643729,80.365465,25.510206,76.102772,57.069065,1.0187777,57.626827,36.330002,95.332768,99.337844,97.831073,92.959881,96.575978,95.215546
El Salvador,2021,,,70.620556,59.955037,63.989845,2.2691174,2.8528736,2.6320364,1.8862207,1.4221904,1.5977348,2.8326415,3.9940016,3.5546545,44.160742,14.611941,25.790368,65.707338,87.079971,78.99462,27.80586,74.615908,56.907484,1.3865943,52.585381,33.216679,95.652269,99.267286,97.899711,93.633611,97.125409,95.804448
El Salvador,2022,,,68.97939,60.8045,63.85778,2.300937,2.89472,2.672946,1.830236,1.346076,1.526907,3.454993,3.928742,3.751799,42.70799,13.76825,24.57707,65.78799,86.58745,78.81897,27.08821,74.45301,56.76254,1.388769,51.81841,32.98324,96.40701,99.33509,98.24147,94.39258,97.39786,96.27541
El Salvador,2023,,,69.72195,62.286,65.08864,2.346269,2.906874,2.695579,1.776922,1.343151,1.506641,3.259402,4.287743,3.900157,42.94438,13.56448,24.63789,67.67623,85.51391,78.79081,32.59218,74.98893,59.00941,1.673647,52.69846,33.46698,96.56573,99.42678,98.34844,93.66802,97.62447,96.13327
Guatemala,2000,,,78.290398,60.528977,70.579129,2.8732801,4.1356965,3.4213687,2.3796035,1.3691387,1.9409018,10.527989,9.9508085,10.277374,74.171422,36.479297,57.890329,53.729683,88.096439,68.650297,8.1178612,66.550611,33.486927,4.9191924,63.391046,30.305235,56.376971,95.397837,73.318205,5.1218869,39.065985,19.859
Guatemala,2006,,,84.326393,66.122297,74.550036,1.9558484,2.7130266,2.3624846,3.6218614,2.2300372,2.8743939,7.2451942,7.5152838,7.3901947,68.713727,27.503605,46.594799,60.576247,89.979548,76.367042,15.365438,74.84787,47.309979,7.6225509,68.439449,40.283755,71.347002,94.40666,83.730998,42.663635,74.830534,59.938598
Guatemala,2011,,,84.502305,65.002509,74.173432,3.205407,4.0998602,3.6792241,2.0046879,1.2612032,1.610843,12.093773,9.4401153,10.688003,66.655722,26.877031,45.637423,56.138499,89.881522,74.012047,17.025825,77.274261,48.939186,8.6358313,72.387381,42.404778,72.113698,94.603279,84.026414,3.4804513,24.082021,14.394519
Guatemala,2014,,,84.983073,68.330445,75.931497,1.968157,2.5817894,2.3016984,3.4426394,2.2236366,2.7800475,11.412754,9.944188,10.614413,60.803637,26.152388,41.974456,61.554404,88.643598,76.278801,19.868071,76.62729,50.719682,10.323133,70.366659,42.959938,74.816634,94.463137,85.494371,77.531436,87.918749,83.177485
Honduras,2002,,,81.359306,61.435489,71.570124,3.4424754,4.3421813,3.8844521,1.9877894,1.4177618,1.7077657,2.5223817,10.734568,6.5574351,52.728177,11.529729,32.490973,61.158864,90.700279,75.673354,13.285471,59.903331,36.19176,3.3053739,49.539114,26.022921,34.150908,93.140655,63.141137,1.350135,31.109226,15.966659
Honduras,2003,,,78.483393,61.27833,70.097714,3.5287262,4.439253,3.9726923,1.9136507,1.3689606,1.6480639,2.7667967,10.076027,6.3321342,51.747326,10.924542,31.835702,64.905134,91.246601,77.749418,12.415941,59.02828,35.155953,2.7041082,48.361264,24.97813,37.11738,94.466186,65.090464,,,
Honduras,2004,,,72.17422,60.428572,66.485391,3.6133854,4.4637806,4.0253642,1.8873516,1.3629602,1.6333072,2.2714185,9.8269458,5.9303235,49.888014,9.0016801,30.088044,65.928581,91.454122,78.2898,16.055989,60.623658,37.638714,3.5752133,50.693196,26.392975,40.095758,95.88663,67.113528,7.6221414,45.499763,25.965086
Honduras,2005,,,80.407524,61.381649,70.998601,3.7275862,4.4851515,4.1022273,1.7643587,1.3093239,1.539329,2.4137931,9.8391012,6.085853,48.808777,9.0716416,29.157452,65.329154,91.701366,78.371083,18.056426,60.312712,38.95121,3.9824396,46.899091,25.209504,42.351097,96.042583,68.903309,12.194357,54.159234,32.947374
Honduras,2006,,,80.095559,60.403481,70.499348,3.820808,4.5234085,4.1632136,1.655398,1.2787375,1.4718362,1.6397003,9.6164779,5.5268897,46.693452,9.6449716,28.639237,70.148768,92.627128,81.102257,17.497556,64.899297,40.598718,4.0616855,53.470515,28.140603,46.943208,96.856154,71.266448,5.5597785,48.936393,26.697778
Honduras,2007,,,79.54071,61.935592,70.904864,3.2204773,3.5785268,3.3963427,1.721633,1.377221,1.552466,1.7223382,9.5432694,5.5587429,44.258873,8.2647453,26.602658,71.868476,93.848824,82.650506,17.315838,63.790748,40.143213,4.287633,53.886205,28.649276,50.448852,97.539377,73.548187,43.589214,81.243822,62.084265
Honduras,2008,,,82.654127,62.071565,72.467294,3.2878726,3.568418,3.4268105,1.6919138,1.3596886,1.5273819,1.0553814,8.2146905,4.5987056,44.050016,10.840771,27.550014,73.928945,94.31159,84.016835,19.660843,65.956237,42.588273,4.5529291,55.441806,29.755246,55.266458,97.960649,76.396899,61.819116,88.566696,75.065645
Honduras,2009,,,82.261049,62.325275,72.440446,3.3171761,3.6309192,3.4716506,1.6608259,1.3384903,1.5021208,1.3725227,8.2577185,4.7642532,37.821576,6.0824794,22.186514,73.066037,94.86426,83.804104,19.849675,67.565892,43.342918,4.2068323,56.649374,30.027098,59.190562,97.921085,78.269685,71.748781,87.664887,79.58513
Honduras,2010,,,84.131532,63.807872,74.161679,3.4050053,3.7214745,3.5600777,1.5871704,1.28345,1.438345,1.08739,6.5708869,3.7773414,35.931318,5.3368817,20.923095,76.671541,95.019704,85.672306,24.507355,71.055347,47.316234,4.9361583,58.975185,31.415702,63.869036,98.759449,80.984668,74.235791,92.241493,83.060087
Honduras,2011,,,79.501124,62.507576,71.142022,3.4399523,3.7510125,3.5931698,1.6134875,1.2986096,1.4583895,1.6095473,7.3922988,4.4540747,33.350701,4.8554082,19.333907,74.536807,94.595563,84.403681,24.50128,73.621891,48.6964,3.9329316,62.52153,32.791656,65.757091,99.174969,82.195298,80.237112,94.672191,87.347335
Honduras,2012,,,83.079883,65.414584,74.393158,3.3622617,3.6402014,3.4983627,1.5930566,1.3391191,1.4687089,0.83767905,7.2945507,4.012277,35.629194,6.2842245,21.20139,77.153167,95.387216,86.118155,23.467406,70.772444,46.631654,4.1234719,59.44473,31.213088,69.21689,98.486672,83.607727,79.419196,93.970415,86.544611
Honduras,2013,,,86.095764,67.385317,76.902837,3.4425045,3.7371264,3.5871312,1.4928743,1.2710757,1.3839958,1.1356661,5.5715353,3.3151234,32.412523,4.7064463,18.79981,77.255985,96.628971,86.774434,25.285972,73.414712,48.911841,4.756171,60.853748,32.293854,75.782689,98.989674,87.184881,82.480433,95.102038,88.67624
Honduras,2014,,,84.058985,61.533067,71.620064,3.3413713,3.5270455,3.4439012,1.4921697,1.3250627,1.3998926,0.95545826,6.634516,4.090795,34.629651,5.8179271,18.725101,73.387767,93.725268,84.615847,25.563397,68.664561,49.36401,3.0927584,53.925104,31.162557,72.025586,98.656493,86.728176,82.68616,94.16275,89.023573
Honduras,2015,,,85.010704,62.750726,72.36037,3.4396879,3.5882382,3.5238723,1.506637,1.3178449,1.3996474,0.6848539,4.7387974,2.9887078,34.76855,5.1504724,17.936612,72.965633,92.847332,84.264392,24.26508,69.236137,49.750438,3.988507,50.093994,30.116752,74.593516,98.606525,88.240096,84.760403,96.32145,91.312115
Honduras,2016,,,83.024872,63.96874,72.170863,3.4815126,3.6834106,3.5964153,1.4766663,1.2584719,1.3524891,0.73189852,7.4602625,4.5637737,29.984084,4.8580638,15.672783,76.510357,93.476327,86.17385,28.73044,73.767651,54.361695,4.0956265,53.449758,32.183696,78.710923,98.929925,90.22728,84.271489,95.35463,90.579047
Honduras,2017,,,84.707252,61.060882,71.348823,3.4801021,3.6338316,3.566828,1.3950479,1.2669271,1.322769,1.0051635,10.563542,6.4049317,28.681011,3.9795016,14.726507,74.88592,93.783903,85.561866,27.762996,77.696577,55.932848,2.973214,57.940524,33.994076,79.973009,99.287925,90.884491,84.677961,95.798269,90.951443
Honduras,2018,,,84.32834,66.485314,74.217293,3.5176214,3.7514951,3.6501498,1.3283731,1.1496147,1.2270767,1.1741451999999999,5.6568426,3.71434,26.581322,3.5862035,13.550756,74.540859,92.836734,84.902125,28.495888,77.540603,56.270746,2.9441365,58.081662,34.169458,82.06637,98.828148,91.564709,98.753782,99.103782,98.951993
Honduras,2019,,,84.364446,67.333824,74.708164,3.5890558,3.8667782,3.7465231,1.2738025,1.0870325,1.1679048,0.78229979,3.9913459,2.6018137,23.700087,3.3785319,12.177862,76.042149,94.629112,86.561221,30.096762,80.244481,58.530281,4.2337217,61.941818,36.953938,85.909849,99.179129,93.433468,99.8472,99.984737,99.928374
Mexico,1989,1997.0,Progresa/Oportunidades/Prospera,87.803663,66.918215,74.252744,3.5181903,4.7887432,4.3403707,1.8916186,1.1834253,1.4333436,0,0.33061525,0.21394258,74.805172,31.46804,46.758316,58.762006,93.798939,81.43456,17.223982,69.681551,51.169506,7.0590022,63.004377,43.261501,76.946092,98.840764,91.11423,2.5767113,30.361921,20.556643
Mexico,1992,1997.0,Progresa/Oportunidades/Prospera,87.610985,73.199491,76.677267,3.3728242,4.6765313,4.3608454,1.9315194,1.1583469,1.3455666,0.00891587,0.24347283,0.18686963,82.768708,33.840597,45.675985,50.461988,90.017637,80.472083,9.9105082,64.784728,51.497223,2.7925872,58.73259,45.187011,76.047298,98.584698,93.145981,0.42995062,31.023077,23.615112
Mexico,1994,1997.0,Progresa/Oportunidades/Prospera,85.032708,73.157023,75.980698,3.568886,4.819963,4.5203758,1.762259,1.1121581,1.2678335,0.06881381,0.13968625,0.12283495,78.566049,30.3293,41.796585,54.135462,91.91039,82.928668,10.58233,64.739895,51.771139,10.569177,64.676888,51.72007,82.358863,99.25589,95.238294,0.74253468,37.145955,28.428668
Mexico,1996,1997.0,Progresa/Oportunidades/Prospera,88.305741,72.323739,76.068436,3.6751684,4.8697563,4.5887688,1.7180358,1.0328065,1.1939842,0.00209968,0.14579248,0.11212424,76.173985,28.722284,39.835714,61.823851,93.460686,86.04795,13.561817,66.49186,54.04181,6.9270975,62.041165,49.077395,86.345106,99.076735,96.093624,2.5804353,37.631063,29.386557
Mexico,1998,1997.0,Progresa/Oportunidades/Prospera,85.758625,70.549178,74.209978,3.6834315,4.9142412,4.6187999,1.5592887,0.98112357,1.1199053,0.04302454,0.11223843,0.09557917,77.371797,27.291912,39.343862,62.786061,95.00742,87.25198,15.637594,70.686207,57.47244,6.8985831,64.255365,50.487548,86.369039,99.17507,96.092755,3.5699891,40.017962,31.269058
Mexico,2000,1997.0,Progresa/Oportunidades/Prospera,86.792179,71.005332,74.530796,3.9357157,5.0394465,4.7926208,1.4002433,0.90636952,1.0168138,0,0.17685468,0.1373601,70.950027,24.859049,35.151345,75.186582,95.819248,91.211632,17.475198,72.630163,60.295936,6.2401782,66.754458,53.221735,93.055972,99.430718,98.007132,8.8673046,48.911106,39.956167
Mexico,2002,1997.0,Progresa/Oportunidades/Prospera,86.047423,68.547001,72.581246,4.035609,5.0397105,4.8073277,1.2554491,0.91420644,0.99318144,0.06956324,0.17432372,0.15017405,71.966639,24.350355,35.39458,70.246148,95.831535,89.933523,18.789424,70.783769,58.750534,8.9243236,66.282614,53.035777,92.459229,99.526178,97.897085,18.063297,61.691753,51.634403
Mexico,2004,1997.0,Progresa/Oportunidades/Prospera,82.382591,67.318179,70.70782,4.205633,4.9506655,4.7845809,1.1713314,0.90809224,0.9667742,,,,62.778393,28.067036,35.891639,74.065535,92.342953,88.230353,36.692076,73.573458,65.352372,20.349752,67.877198,57.283038,95.868543,99.390082,98.597701,31.378293,68.642988,60.258064
Mexico,2005,1997.0,Progresa/Oportunidades/Prospera,83.545576,67.790689,71.276481,4.2921184,4.9798698,4.8270009,1.154106,0.90325807,0.95901491,,,,58.946653,25.232245,32.697459,74.985207,94.887092,90.483771,33.24696,73.829314,64.808934,20.259297,69.227678,58.343307,96.564457,99.605581,98.932728,40.039195,74.739723,67.062181
Mexico,2006,1997.0,Progresa/Oportunidades/Prospera,80.375451,66.448997,69.545001,4.2896248,4.9704597,4.8191171,1.1208488,0.89362125,0.94413158,,,,59.759485,25.087203,32.816856,76.02578,94.077212,90.064181,34.407466,72.820571,64.281734,21.032692,68.463588,57.92019,97.044254,99.705865,99.11416,44.604258,78.354735,70.851633
Mexico,2008,1997.0,Progresa/Oportunidades/Prospera,84.122748,66.532,70.300998,4.0866809,5.0022038,4.8059214,1.222624,0.87431946,0.94899377,0.03926402,0.28675279,0.23354642,66.256266,23.344082,32.535943,69.194339,93.731926,88.475971,25.897097,74.768188,64.290531,14.393722,69.4347,57.634258,95.935502,99.725953,98.914037,44.307466,82.470316,74.295826
Mexico,2010,1997.0,Progresa/Oportunidades/Prospera,84.678693,65.743818,69.788595,4.2166907,5.0340554,4.8588375,1.1359706,0.83802454,0.90189505,0.14553453,0.33913853,0.29768828,58.879488,22.078793,29.940204,78.270933,95.793649,92.037316,28.569323,74.82527,64.909412,14.919116,70.189848,58.341497,97.518062,99.703549,99.236696,52.026109,84.426005,77.504895
Mexico,2012,1997.0,Progresa/Oportunidades/Prospera,81.957319,64.670423,68.459858,4.2545375,4.9522871,4.7993345,1.0378099,0.81951717,0.86736879,0.03891352,0.41366626,0.33141364,63.31797,23.836512,32.491184,74.774002,95.432245,90.903782,30.717662,75.7021,65.841128,16.314804,71.367957,59.299836,97.194036,99.650006,99.111637,58.33795,89.955199,83.024428
Mexico,2014,1997.0,Progresa/Oportunidades/Prospera,82.159858,68.744501,71.694893,4.3060358,5.0208631,4.8636536,1.0475502,0.81452624,0.86577439,0.31600907,0.58993422,0.52963164,56.791776,18.649184,27.038176,80.685002,96.216539,92.800742,33.688336,77.685839,68.009623,20.504912,73.348542,61.726828,97.52599,99.63725,99.172928,67.124508,90.701441,85.516249
Mexico,2016,1997.0,Progresa/Oportunidades/Prospera,82.469699,65.064977,68.824504,4.3043893,4.9057435,4.7758473,1.016399,0.8047915,0.85050002,0.4495185,0.97004647,0.85748383,54.518731,18.270892,26.101362,80.639488,96.174421,92.81878,34.419626,77.522793,68.212243,19.53077,73.193202,61.601786,98.474728,99.81888,99.528535,75.035232,93.67778,89.650875
Mexico,2018,1997.0,Progresa/Oportunidades/Prospera,81.32333,64.267831,68.1875,4.3276457,4.9012755,4.7694448,0.97555026,0.78771291,0.83088141,0.43810111,1.2172494,1.0380522,53.521926,17.69379,25.928252,81.860361,96.276164,92.963146,37.172146,78.816022,69.245489,20.459737,74.263841,61.898663,98.613436,99.811766,99.536367,77.46081,94.702359,90.739932
Mexico,2020,1997.0,Progresa/Oportunidades/Prospera,82.132968,66.192767,69.63018,4.3967656,4.9696459,4.8461075,0.94256958,0.75511971,0.7955422,0.47193508,0.85276762,0.77057931,51.696177,16.258925,23.9015,81.651077,96.667536,93.429322,39.23354,80.338189,71.474206,22.486766,75.601332,64.147479,99.054196,99.880419,99.702249,84.423929,96.034286,93.530579
Mexico,2022,1997.0,Progresa/Oportunidades/Prospera,82.348213,65.773838,69.584575,4.448129,4.9563381,4.839492,0.90913017,0.73204701,0.77276151,0.57915407,1.456639,1.2547136,49.139968,15.162076,22.974185,82.044173,96.416178,93.111804,42.521532,81.294569,72.379973,24.268301,76.698404,64.643811,98.989674,99.830043,99.636828,87.808448,96.923486,94.827781
Nicaragua,1993,,,81.981679,82.68932,82.391676,2.3595812,3.1878197,2.8401459,3.2188562,2.3042152,2.6881586,21.725648,6.6763858,12.998039,31.295376,15.73748,22.259013,27.470177,86.03142,61.536253,3.0490032,47.355,28.748506,0.48738713,39.190681,22.930702,42.469212,93.545318,72.064174,0.53413754,8.1106836,4.9424823
Nicaragua,1998,,,73.913765,82.324377,78.682522,1.9114566,2.2031404,2.0766155,3.8282153,3.180654,3.4615495,11.283128,5.0294408,7.7539326,25.249625,14.838782,19.355386,30.485632,83.891877,60.766592,2.3847249,37.723985,22.421833,0.40583889,29.511589,16.908592,40.683522,90.707303,69.047103,1.7550597,17.76296,10.833678
Nicaragua,2001,,,78.725678,76.681316,77.474612,1.8744872,2.2738323,2.1177993,3.8401033,2.9700007,3.3099691,9.5800638,6.4886317,7.6796877,80.783351,45.139756,58.970934,26.357626,83.525424,61.341973,2.0443809,36.002367,22.825275,0.21826225,26.86818,16.526919,41.209827,91.886024,72.22158,1.5637254,20.781644,13.324303
Nicaragua,2005,,,77.776178,76.689066,77.142232,2.2893435,2.7317632,2.5468023,3.0386408,2.3990336,2.6664321,6.874602,3.5325675,4.9257056,76.65363,35.778604,52.817493,29.759363,89.491418,64.591915,2.7393985,48.224124,29.263666,0.19445142,36.432447,21.326519,43.590788,95.431992,73.821815,6.1899964,47.632718,30.357183
Nicaragua,2009,,,84.413709,80.871239,82.270042,2.0056808,2.6269867,2.3812151,3.336333,2.2269096,2.6657672,5.4526146,2.0994368,3.4239999,77.29802,31.934046,49.846763,25.680116,89.761027,64.457617,3.2975654,47.783399,30.216577,0.43647623,36.340403,22.162453,47.234364,97.937148,77.916313,38.333337,80.781112,64.019904
Nicaragua,2014,,,73.432879,74.457245,74.046299,2.4001646,2.8751124,2.6844705,2.3297612,1.8978833,2.0712371,5.1531206,2.1328239,3.3687539,79.625037,29.761019,50.166507,31.996581,89.031081,66.150489,5.760718,58.299311,37.222346,0.41672687,41.505942,25.022137,57.14328,98.406807,81.853073,82.273616,93.957363,89.270182
Panama,2021,,,91.145222,82.558818,84.833685,3.3005256,3.7565465,3.6357291,1.4067093,0.93852779,1.062567,1.2532263,0.92351487,1.010868,16.659842,0.84983482,5.0385102,86.216937,98.227088,95.04514,56.739125,92.63921,83.127905,,,,86.995502,99.711839,96.342795,82.915237,97.032902,93.292593
Paraguay,1995,2005.0,Tekoporã,84.661852,70.854498,77.194399,2.484328,3.3518051,2.9534099,2.5793098,1.6829848,2.0946286,45.821076,11.57544,27.303789,9.900688,0.79296088,4.950108,,,,21.40139,74.847405,50.306683,0.05867187,19.009499,10.307878,55.112303,96.450145,77.469114,1.41205,21.337891,12.188574
Paraguay,1997,2005.0,Tekoporã,86.346648,70.623264,77.401079,2.4336767,3.2141289,2.8778504,2.627849,1.7263211,2.1147683,44.600438,13.617458,26.966048,6.915547,0.51074417,3.2501077,26.106767,81.440785,57.591869,23.306115,76.223565,53.416188,0,14.387378,8.1864302,71.688439,97.566108,86.412854,1.7030305,28.667155,17.04564
Paraguay,1999,2005.0,Tekoporã,87.977154,76.103725,81.21362,2.4782286,3.2101204,2.8951595,2.5131326,1.6895022,2.0439417,44.902269,7.2876749,23.474664,7.1539295,0.35536468,3.2789397,29.336981,83.076506,59.948955,22.10204,80.489181,55.361464,0.02649388,14.710822,8.3912178,76.609359,97.515368,88.518177,4.3695704,39.034982,24.116241
Paraguay,2001,2005.0,Tekoporã,83.031866,71.484971,76.464527,3.8422712,5.0944708,4.5549699,1.6644779,1.0126776,1.2935009,34.566348,9.7514427,20.447865,41.645729,6.6116079,21.737276,39.354868,92.256148,69.453141,32.699347,85.972574,63.00924,0.20008719,16.806676,9.6484339,80.779291,98.085108,90.625465,15.026692,55.675969,38.154167
Paraguay,2002,2005.0,Tekoporã,86.617119,75.731264,80.311809,4.5230248,5.1956917,4.9125855,1.2188449,0.93722962,1.0557534,34.063731,8.488297,19.25461,45.241635,9.0741574,24.316968,51.843159,81.444814,68.989043,29.929624,81.28459,59.675471,0.36401824,16.187389,9.5292384,82.878192,97.719078,91.474337,17.425122,50.293623,36.46323
Paraguay,2003,2005.0,Tekoporã,82.066457,74.229372,77.523096,4.6096194,5.3971032,5.0661914,1.1624159,0.89014702,1.0045582,27.418669,6.9094185,15.529849,38.255457,7.0819879,20.177479,59.435627,84.851137,74.169654,33.705946,83.211099,62.405361,0.2102133,17.685681,10.341193,84.902104,97.74405,92.346912,20.389914,53.114174,39.361012
Paraguay,2004,2005.0,Tekoporã,84.672411,71.171174,76.792197,4.5011354,5.1894504,4.9028815,1.142256,0.89723002,0.99924264,28.397702,8.1733495,16.597273,40.852834,7.3638333,21.308244,50.771872,90.798625,74.134128,34.271869,86.000159,64.463915,0.14085599,14.181638,8.3359834,86.907956,97.470084,93.072711,21.797511,58.346943,43.130174
Paraguay,2005,2005.0,Tekoporã,83.840961,73.773697,77.927409,4.6715211,5.2324283,5.0010003,1.0639621,0.8699487,0.94999781,24.929312,6.5372047,14.135759,33.404585,5.9146319,17.250419,57.240898,91.453668,77.33762,39.844407,86.427942,67.207768,0.11339935,15.608881,9.2155093,88.984616,98.419238,94.526551,35.34249,68.160406,54.619869
Paraguay,2006,2005.0,Tekoporã,86.35063,75.054973,79.716236,4.6392343,5.1005194,4.9100729,1.0678617,0.9076355,0.97378661,24.287282,5.5748743,13.302889,33.451854,5.2294037,16.875221,64.298325,92.804135,81.035203,40.052143,87.12766,67.692023,0.22515359,15.759205,9.3458034,94.180495,98.670848,96.816957,52.937897,79.838939,68.732552
Paraguay,2007,2005.0,Tekoporã,86.080283,74.732915,79.270173,4.7363327,5.3111666,5.0813186,1.0778079,0.84740783,0.93953358,23.47719,5.3299923,12.58617,33.717343,5.5293154,16.796813,66.513943,94.065228,83.048815,42.352152,86.719874,68.979389,0.3092334,17.125937,10.401759,92.797683,98.72917,96.357458,65.900239,85.899425,77.902727
Paraguay,2008,2005.0,Tekoporã,82.568858,71.099946,75.773086,4.6856729,5.3722897,5.0925198,1.0507584,0.85565614,0.93515279,21.116448,6.0902508,12.216205,31.890812,6.012047,16.54401,68.712905,94.065162,83.735094,43.010472,89.049952,70.290638,0.48531418,15.945732,9.6462074,93.33892,99.130259,96.770511,79.532138,93.872402,88.029297
Paraguay,2009,2005.0,Tekoporã,81.434275,70.205494,74.66457,4.6889543,5.3849147,5.1086913,1.0375537,0.83455792,0.91512601,21.335326,5.48342,11.773275,33.249099,5.7002968,16.633296,68.926247,96.411295,85.502607,41.290828,88.050545,69.49183,0.87144851,16.908077,10.543214,94.673734,98.332675,96.880458,79.99954,92.397105,87.476569
Paraguay,2010,2005.0,Tekoporã,83.830222,69.37429,75.1445,4.581731,5.2430682,4.9792443,1.0645758,0.85837545,0.94063392,21.974567,7.8587735,13.489915,33.666257,5.2117812,16.558553,75.34096,95.629774,87.536062,41.277251,89.680343,70.371145,0.40267086,13.753221,8.427354,94.314464,99.567911,97.472181,78.188802,93.747417,87.542057
Paraguay,2011,2005.0,Tekoporã,83.18737,76.586154,79.242558,4.6839445,5.4850196,5.1626579,0.99517146,0.80703623,0.88274398,22.255051,4.9360462,11.898905,29.315893,4.4166657,14.420285,78.564985,96.042333,89.00925,48.553084,91.655316,74.310489,0.06273308,16.009006,9.5920449,96.28021,99.560173,98.240278,84.781022,95.818295,91.376771
Paraguay,2012,2005.0,Tekoporã,83.504299,72.402094,76.82587,4.4842417,5.4054625,5.0383936,1.0206782,0.8114403,0.89481307,26.436116,6.2384663,14.285916,32.773895,4.2835399,15.637384,78.09849,97.169822,89.570674,45.189397,93.021564,73.962397,0.05063877,16.898646,10.185402,95.227577,99.640078,97.881877,88.476223,97.386521,93.836131
Paraguay,2013,2005.0,Tekoporã,83.860225,72.277042,76.893761,4.6386534,5.4241148,5.1111167,0.94578694,0.82342488,0.87218486,17.650093,4.7675196,9.9042371,24.598648,2.9009723,11.526995,82.467248,98.114096,91.878992,55.164644,93.510313,78.229969,2.5654531,15.96298,10.624207,97.917936,99.81339,99.057917,91.161864,96.853859,94.584835
Paraguay,2014,2005.0,Tekoporã,81.791637,73.23382,76.58297,4.7955965,5.3599681,5.1390981,0.93152422,0.80635273,0.8553393,0.318787,4.1337355,2.6401286,23.254748,3.4351911,11.191687,84.207988,97.414716,92.246188,59.200149,93.704531,80.201045,1.2685296,16.426765,10.494504,97.587115,99.832005,98.953454,91.761334,97.973518,95.542344
Paraguay,2015,2005.0,Tekoporã,82.571821,73.203305,76.846282,4.7624226,5.3402386,5.115553,0.91056603,0.78745309,0.83532721,0.68164726,5.4903719,3.6198057,21.161543,3.8538886,10.596311,88.609974,98.250617,94.501822,59.392417,94.431332,80.806339,4.4164998,18.325391,12.916875,98.661568,99.815865,99.367013,92.869265,98.294734,96.185024
Paraguay,2016,2005.0,Tekoporã,83.183295,73.869929,77.488315,4.5702163,5.3112595,5.0233643,0.93140204,0.80287323,0.85279907,0.40278166,3.5623417,2.334428,25.535908,4.9754558,12.959302,86.875123,98.064401,93.717367,56.251451,93.666739,79.130903,0.47615363,15.624232,9.7392049,98.010719,99.732467,99.063568,94.21518,98.557683,96.870621
Paraguay,2017,2005.0,Tekoporã,83.565744,76.312117,79.110764,4.6515758,5.2277054,5.0054189,0.90893211,0.80329994,0.84405571,0.27408374,3.5208258,2.2678183,19.305111,3.8795873,9.8229488,89.79429,98.227405,94.973679,65.056683,94.244998,82.983351,0.68211154,15.181782,9.5874139,98.35299,99.840237,99.266416,96.024311,98.158829,97.335274
Paraguay,2018,2005.0,Tekoporã,86.919827,75.084618,79.521801,4.7945858,5.3949682,5.1698766,0.88173674,0.7593167,0.80521365,0.17235974,3.7936972,2.4360081,16.80322,3.2968855,8.3604679,89.667777,98.056587,94.911507,65.608586,95.046422,84.009773,0.16270165,13.548638,8.530067,99.060342,99.829961,99.541421,95.582836,97.700825,96.906762
Paraguay,2019,2005.0,Tekoporã,85.148165,74.237511,78.30174,4.8469183,5.4263318,5.2104997,0.84513993,0.74427274,0.78184586,0.4517274,3.6493766,2.4582494,15.296072,3.7495083,8.0506137,91.774125,98.519317,96.006726,69.012019,96.043388,85.974178,0.35003111,14.319857,9.1160841,99.038207,99.867204,99.558402,94.710497,98.150343,96.868997
Paraguay,2020,2005.0,Tekoporã,85.70396,76.261414,79.773088,4.9352304,5.421708,5.2407874,0.84100031,0.75215167,0.78518947,0.59040197,3.2228978,2.2440066,13.513743,2.4519792,6.5658397,93.399502,98.793875,96.787712,72.733922,96.431586,87.618445,0.56012084,13.571313,8.7324618,99.050098,99.895561,99.581134,95.831923,99.053822,97.855601
Paraguay,2021,2005.0,Tekoporã,86.869931,76.060497,80.013506,4.8627639,5.351247,5.1726087,0.81667778,0.73599116,0.76549825,0.07827291,3.5461767,2.2779646,12.43409,2.325697,6.0223353,94.41917,99.331966,97.535357,76.429964,96.672664,89.265835,0.48602673,14.674127,9.4826833,99.21388,99.924244,99.664464,94.906865,98.791129,97.36899
Paraguay,2022,2005.0,Tekoporã,86.67664,75.47192,79.66575,4.805923,5.394152,5.173983,0.799397,0.724285,0.752399,0.159827,3.494562,2.246398,11.47367,2.005911,5.549615,93.03573,99.22824,96.91043,76.17282,97.64549,89.60845,0,15.70798,9.828614,99.24666,99.94847,99.68579,93.53004,98.40144,96.57857
Paraguay,2023,2005.0,Tekoporã,86.42126,77.07041,80.66676,4.858231,5.476255,5.238538,0.762143,0.686937,0.715865,0.597781,3.147953,2.167053,10.73723,1.83484,5.259062,95.23464,99.27859,97.72312,80.32108,97.36322,90.80811,0.222663,15.74544,9.774742,99.5087,99.95856,99.78553,95.03238,97.64685,96.6412
Peru,2001,2005.0,Juntos,83.579674,66.113448,71.576376,2.4756449,3.3994759,3.1050464,2.3628689,1.6877967,1.9029455,9.3496304,7.449216,8.0547404,17.872704,8.933915,11.78206,35.926449,80.780762,66.751637,15.48271,79.833721,59.706595,4.6986935,73.97803,52.309467,27.617721,92.363804,72.113111,0.86959489,38.117734,26.467599
Peru,2002,2005.0,Juntos,83.4347,66.539899,71.685149,2.425663,3.3502448,3.0642306,2.3492278,1.6525413,1.8680574,8.9115569,5.6231736,6.640206,19.857785,9.6813203,12.828701,32.889924,81.759007,66.876105,15.221844,79.508016,59.929896,5.316453,74.371475,53.341019,29.971636,93.830749,74.382688,0.81478474,39.33443,27.603412
Peru,2003,2005.0,Juntos,86.560451,69.369312,74.570002,2.4857735,3.5349028,3.2106699,2.2549734,1.5636665,1.7773146,9.8915778,7.5396151,8.2660939,19.31117,10.321052,13.097937,31.682984,80.507469,65.73701,17.783729,81.69493,62.360414,4.7784837,73.251105,52.536661,29.695809,93.762531,74.380966,0.6524835,41.431925,29.095265
Peru,2004,2005.0,Juntos,85.797251,67.535943,72.993882,2.6395479,3.6885276,3.3676921,2.1277817,1.5216079,1.707009,8.8390056,9.5639381,9.3422239,18.483037,10.584961,13.000518,32.228462,81.444278,66.734658,22.56257,82.556009,64.625173,5.8579208,74.81079,54.20216,32.028739,94.305688,75.692357,1.635296,47.129165,33.53196
Peru,2005,2005.0,Juntos,84.853635,66.747423,72.016741,2.7063664,3.6689502,3.3836579,2.0767155,1.4557287,1.6397779,11.233153,8.625124,9.3979491,21.016372,9.942181,13.223745,29.924564,82.771286,67.391693,29.60653,84.766019,68.713359,6.1359958,75.701293,55.456216,34.584732,94.65564,77.173645,1.7775716,51.58749,37.091676
Peru,2006,2005.0,Juntos,85.892569,65.789121,71.47987,2.8329686,3.7516685,3.4857594,2.0002732,1.4353362,1.5988519,9.0044563,9.6857429,9.4885508,18.478291,9.5657477,12.1454,32.457431,83.279167,68.892892,34.3635,86.562851,71.78661,6.0145417,77.214951,57.060018,39.626711,96.160471,80.157275,4.0402767,59.348627,43.692312
Peru,2007,2005.0,Juntos,83.521821,61.848641,67.792253,2.8609582,3.6038401,3.3952261,1.966688,1.4916262,1.6250317,7.970492,7.9146225,7.9303095,21.882936,12.592379,15.201328,32.388923,84.189281,69.983649,32.694686,84.349561,70.183827,7.6431837,78.125556,58.796604,45.41024,95.809539,81.988131,11.524862,72.126821,55.507455
Peru,2008,2005.0,Juntos,84.123975,63.334543,68.813734,2.9567628,3.5858885,3.4153853,1.8836849,1.4613874,1.5758368,7.3448485,7.5893877,7.5231109,21.233629,12.811067,15.093717,31.651499,84.709983,70.726071,37.326568,85.474196,72.784572,7.9868103,79.882062,60.933596,50.133503,97.041166,84.678343,24.74888,81.975323,66.892918
Peru,2009,2005.0,Juntos,83.250128,61.137068,66.908276,2.9982516,3.6740057,3.4932583,1.840929,1.4138646,1.5280937,5.8054814,7.4261344,6.9926795,20.434102,12.185536,14.391823,34.415139,86.044015,72.569579,40.848391,86.521154,74.601182,9.4895644,81.636665,62.80725,55.129787,97.476145,86.42432,36.432154,86.418108,73.372452
Peru,2010,2005.0,Juntos,84.448117,61.545967,67.347009,3.024743,3.7006965,3.525724,1.7930729,1.382174,1.4885363,8.699968,7.6117297,7.8934635,20.448811,11.261054,13.639331,38.33129,87.348664,74.93272,44.735035,87.980719,77.026725,10.556249,83.169428,64.776741,58.5864,98.142493,88.123061,46.691885,88.27709,77.74369
Peru,2011,2005.0,Juntos,86.128772,62.466788,68.475486,3.0069248,3.7248545,3.5383088,1.7411926,1.3455673,1.448366,8.3768628,7.4461925,7.6879724,21.052375,11.92803,14.298886,36.398012,88.850773,75.530976,43.976902,88.731097,77.349579,12.170739,84.579904,66.165402,64.237932,98.376636,89.707491,50.603273,90.17851,80.128818
Peru,2012,2005.0,Juntos,86.161321,63.531467,69.198178,2.9536626,3.7034104,3.5117912,1.7161982,1.2994505,1.4059621,7.8205708,7.032099,7.2336151,20.663843,11.203293,13.621203,52.948543,90.049065,80.758774,42.820912,88.985319,77.425353,12.79161,85.459544,67.262866,68.558489,98.629566,91.099508,58.93359,91.161882,83.09164
Peru,2013,2005.0,Juntos,87.175985,64.708151,70.200074,2.9962368,3.641407,3.4806182,1.6461551,1.3036767,1.3890288,6.3275989,5.832137,5.9556294,20.408544,11.177473,13.478032,53.987217,89.757086,81.013681,45.028364,88.449423,77.8358,14.642512,84.577337,67.482823,71.597192,98.779725,92.135365,63.686736,92.509362,85.464106
Peru,2014,2005.0,Juntos,87.437097,64.977554,70.469777,2.9742032,3.6264733,3.4640829,1.5804966,1.2935322,1.3649754,5.8628894,5.6613838,5.711551,20.287133,11.111733,13.396058,62.290073,91.092603,84.049276,44.706562,88.445946,77.749982,15.135095,84.666153,67.663132,74.504761,98.880892,92.919989,69.609522,92.995285,87.276566
Peru,2015,2005.0,Juntos,86.372723,64.541106,69.774393,2.8750732,3.4920102,3.3418861,1.5977331,1.3042034,1.3756303,5.0791918,5.3874576,5.3124354,19.849712,12.253646,14.102056,62.855759,90.356968,83.764615,43.615993,88.358914,77.633527,16.731683,84.625007,68.350205,77.92171,98.874896,93.852179,73.609758,94.039115,89.141965
Peru,2016,2005.0,Juntos,84.968731,63.510176,68.595662,2.8850854,3.4921986,3.3463962,1.568081,1.295797,1.3611879,4.2710655,5.5887292,5.2722709,19.956169,12.062395,13.95814,67.118056,92.381622,86.394382,44.739935,89.234577,78.689744,17.249399,85.367778,69.22433,78.933198,98.892099,94.162018,76.79259,94.956639,90.651921
Peru,2017,2005.0,Juntos,85.118729,64.31679,69.19548,2.9104976,3.5391579,3.3896567,1.5022447,1.2666354,1.3226654,3.9970187,5.840494,5.402082,19.343647,11.876787,13.652475,67.809421,91.731397,86.120964,44.658578,89.454199,78.948259,18.720758,85.85185,70.107561,81.349538,98.947961,94.820594,78.919128,95.340599,91.489263
Peru,2018,2005.0,Juntos,85.907323,65.17476,69.956643,2.9101008,3.5329363,3.3870825,1.4650002,1.2439912,1.2957464,3.1722956,4.9247086,4.5143367,18.446921,11.118082,12.834328,70.075755,92.8381,87.588057,44.495443,89.752,79.313757,19.772571,86.589187,71.178204,82.302849,99.036842,95.177214,80.115557,95.654438,92.070458
Peru,2019,2005.0,Juntos,86.214329,65.475334,70.165143,2.9400656,3.5421526,3.4041119,1.436485,1.2337177,1.2802062,2.7906517,5.7538827,5.074502,18.748734,10.816683,12.635266,72.645872,92.788716,88.233718,44.409395,90.16509,79.818135,21.940899,87.898008,72.98281,83.459035,99.085709,95.551974,81.37533,96.400932,93.003121
Peru,2020,2005.0,Juntos,87.240351,65.569897,70.208051,2.9271171,3.4519934,3.3383728,1.4517753,1.2516453,1.2949677,2.6969503,2.5063888,2.5476399,16.964898,11.228606,12.470349,75.432263,90.930366,87.613288,50.27488,87.97688,79.907475,23.148031,84.759463,71.572692,85.872021,98.994951,96.186234,88.219961,97.495733,95.510428
Peru,2021,2005.0,Juntos,85.117869,62.306772,67.241324,2.8705172,3.3018778,3.2072013,1.3775775,1.2504383,1.2783433,2.5383747,4.2952664,3.9098241,17.158871,12.143943,13.244162,74.27221,90.628003,87.089878,50.891198,88.004297,79.975901,22.175415,84.936815,71.360116,83.559247,98.904849,95.585251,85.360874,97.199283,94.63837
Peru,2022,2005.0,Juntos,84.645847,62.845564,67.454921,2.9339316,3.3090331,3.2287288,1.3647972,1.2551357,1.2786128,2.5841648,5.310203,4.7265939,16.979963,11.893853,12.982723,74.08587,90.032856,86.661095,49.549734,87.424137,79.416139,22.739756,84.364998,71.335227,84.954727,98.71833,95.808214,86.160024,97.276907,94.926402
Uruguay,2006,,,52.50846,61.325497,60.74779,3.3159965,3.3314978,3.3304824,1.0227648,1.0064148,1.0074857,0.54971849,0.28742182,0.30460795,9.1043431,1.371315,1.8779961,11.434736,96.888094,91.289045,67.905011,91.415475,89.875029,1.3713408,58.634985,54.882974,86.772768,99.328071,98.505426,68.342421,84.426483,83.372628
Uruguay,2007,,,54.349679,59.14454,58.833725,3.3314041,3.3444142,3.3435708,0.98068364,0.98105539,0.9810313,0.8225283,0.17010928,0.21240067,9.1510012,1.0571447,1.5818082,13.191858,97.063331,91.62545,67.252905,90.881894,89.350205,0.75523053,58.612029,54.86161,88.608731,99.391608,98.692636,80.203987,91.611674,90.8722
Uruguay,2008,,,52.620452,58.988865,58.572701,3.415532,3.4508712,3.4485619,0.94550318,0.94093336,0.94123199,0.29863544,0.15018911,0.15988979,9.2044766,1.0614535,1.5935843,11.30823,97.415672,91.788717,69.913218,91.641506,90.221604,0.81311631,60.023547,56.154259,88.937183,99.472839,98.784355,87.024142,94.065515,93.605375
Uruguay,2009,,,47.834138,54.599928,54.162793,3.3873665,3.446635,3.4428085,0.92094552,0.91904062,0.9191636,0.21432633,0.14481778,0.14930871,7.8688381,1.0929815,1.5307675,14.372986,97.171119,91.821557,71.40566,92.299279,90.949349,0.80627524,61.039385,57.147742,90.909356,99.450941,98.899072,81.409013,91.37589,90.731933
Uruguay,2010,,,47.309061,55.27301,54.813709,3.5938594,3.4790176,3.4856408,0.90439254,0.90486721,0.90483984,0.36908508,0.08999539,0.10609121,7.0184984,1.1451014,1.4838353,15.988295,97.594963,92.888497,73.368526,92.693454,91.578936,1.2160692,57.656628,54.401556,92.62271,99.510515,99.113278,87.027615,91.98501,91.699105
Uruguay,2011,,,50.471557,52.732051,52.5403,3.7065899,3.4552413,3.4765624,0.84680293,0.90018345,0.89565535,0.31835094,0.11010088,0.12776609,7.4543863,0.68836103,1.2623019,18.81852,98.535492,91.773349,74.586641,93.880088,92.243485,1.2405738,64.23999,58.895946,93.353429,99.622946,99.091122,87.767365,94.004481,93.475406
Uruguay,2012,,,48.072181,52.884194,52.581136,3.6747646,3.4433166,3.4578931,0.86250706,0.91887417,0.91532419,0.32644026,0.08446781,0.09970714,5.0843421,0.61669977,0.89807018,19.451917,98.807469,93.809686,79.581372,94.323895,93.395416,1.1726631,64.813742,60.805651,95.062766,99.775788,99.478964,90.43516,94.697079,94.428665
Uruguay,2013,,,49.453605,53.975856,53.740818,3.8534329,3.4392025,3.4607316,0.87209841,0.9106028,0.90860158,0.20164569,0.10297027,0.10809879,3.7369499,0.8826023,1.0309531,18.860377,98.302016,94.173146,83.460175,94.603734,94.024563,0.50086187,63.095277,59.842019,97.043614,99.752604,99.611808,91.992715,95.199802,95.033118
Uruguay,2014,,,47.066681,53.20856,52.889246,3.6993132,3.4224662,3.4368593,0.87833832,0.88831496,0.88779628,0.30959752,0.14651547,0.15499404,4.3657965,0.7760149,0.96264619,21.57439,98.537862,94.536562,83.528469,94.87825,94.288179,0.5484748,63.278913,60.017583,97.450928,99.778072,99.657085,92.973551,95.841977,95.692849
Uruguay,2015,,,48.770812,53.180338,52.950845,3.8422828,3.4411228,3.4620011,0.86181736,0.88817452,0.88680276,0.15462468,0.08960873,0.09299248,3.6235279,0.55240139,0.71223786,21.075813,98.733473,94.691788,85.182582,95.622892,95.079527,0.84496923,64.268926,60.968032,97.947709,99.806205,99.70948,94.75057,96.390783,96.305419
Uruguay,2016,,,50.375729,51.602189,51.538317,3.7574329,3.4208556,3.4383839,0.86193722,0.88958414,0.88814434,0,0.08915056,0.08450777,4.2489304,0.45524052,0.65280836,25.57604,98.953784,95.132417,85.703617,95.851379,95.322904,0.64410735,64.562355,61.233619,98.199922,99.808792,99.725005,94.246597,96.535608,96.416401
Uruguay,2017,,,48.912237,52.183059,52.012324,3.8228677,3.4851813,3.5028084,0.85079375,0.86932755,0.8683601,0.1776885,0.07224671,0.07775071,3.2153894,0.41986487,0.56578969,21.77534,98.630291,94.618505,87.601978,96.446636,95.98495,0.99196539,65.178021,61.827545,98.428616,99.846061,99.772071,94.156366,96.685927,96.553885
Uruguay,2018,,,49.628171,52.525321,52.376319,3.8215379,3.4852326,3.502529,0.84632129,0.86493781,0.86398035,0.14998125,0.05175584,0.05680764,2.6684164,0.39481832,0.51175082,21.648856,98.747526,94.782295,89.6966,96.738874,96.376685,1.112361,66.051385,62.711532,98.889201,99.829062,99.780724,95.500562,96.802658,96.73569
Uruguay,2019,,,50.313011,52.249853,52.149188,3.8381133,3.4774406,3.4961861,0.84652116,0.86932213,0.86813707,0.01696117,0.0627237,0.06034524,2.9959602,0.43822054,0.5711561,22.194468,98.745272,94.766633,89.963611,96.834229,96.477136,0.85731027,66.626851,63.208556,98.903691,99.865085,99.815118,95.260123,96.804557,96.724287
Uruguay,2021,,,51.752004,52.848109,52.793252,3.9139795,3.4513605,3.4745132,0.8411498,0.87258569,0.87101242,0.20639835,0.08565239,0.09169537,2.3497658,0.29643756,0.39920065,22.710169,98.696059,94.893188,94.220846,97.148712,97.002181,0.96213384,67.319682,63.998681,99.825355,99.949395,99.943187,49.500675,56.39733,56.052173
Uruguay,2022,,,50.868387,53.152046,53.025069,3.6736917,3.4810649,3.4917754,0.84689227,0.86991621,0.86863602,0.08412947,0.04617398,0.0482844,1.5670897,0.2571471,0.32998303,26.743191,99.394029,95.35447,93.373734,97.730759,97.488498,1.2847569,69.481265,65.689377,99.609297,99.952147,99.933084,42.011978,56.178708,55.391005
Venezuela,1992,,,79.154801,63.621966,76.237511,,,,,,,9.9677379,6.0896742,9.2395336,,,,91.7049,99.157346,93.104438,87.572383,99.429265,89.799057,,,,97.329876,99.940829,97.820203,,,
Venezuela,1995,,,82.835853,78.970625,82.139912,4.1573746,4.1021843,4.1474177,1.4487678,1.2325897,1.4097669,6.3858323,3.4606852,5.8592418,9.2992423,3.4193659,8.238449,91.736923,99.5527,93.146974,84.218855,98.785303,86.8468,67.140973,97.107264,72.547217,98.839764,99.651482,98.986206,26.237092,48.791619,30.306173
Venezuela,1997,,,83.202687,73.589248,81.678889,4.0755347,4.19709,4.0948316,1.4573949,1.1310616,1.4055895,6.8193028,1.784417,6.0207451,9.5090898,1.5254014,8.241678,92.489377,98.936694,93.512889,86.359463,99.288497,88.411949,69.969926,97.168729,74.28774,98.5876,99.704001,98.764829,32.449718,56.720453,36.302701
Venezuela,1998,,,83.133742,76.980056,82.167797,3.9750301,3.9435387,3.9700856,1.4901942,1.2019561,1.4449379,6.7337234,2.2688796,6.0330755,9.9181756,2.555464,8.7621556,91.72708,99.219565,92.903475,85.994818,99.444515,88.106556,69.283202,97.755176,73.753589,98.225757,99.261694,98.38841,33.240625,52.935929,36.332987
Venezuela,1999,,,81.063757,73.780998,79.852145,3.9135303,3.8782184,3.9076519,1.5142848,1.2604611,1.4720306,6.139871,2.3179226,5.5038323,9.4149491,2.2879615,8.2285136,92.182573,97.797555,93.117304,86.610468,98.510799,88.591526,67.854119,96.150786,72.564689,98.690401,99.517711,98.828124,34.68454,53.694799,37.848178
Venezuela,2000,,,80.271972,73.099321,79.064702,3.881822,3.9075983,3.8861612,1.5381343,1.2564816,1.49072,6.804261,2.46019,6.0731233,9.9321629,2.7873096,8.729376,91.148553,98.699534,92.419709,86.093091,98.747029,88.223295,67.598953,96.989734,72.546688,98.668762,99.860768,98.869428,31.436684,53.605921,35.168723
Venezuela,2001,,,78.798477,82.939914,79.112968,3.8347321,3.6311762,3.8192573,1.492326,1.589873,1.4997418,7.2590641,8.3060835,7.3385722,9.7350198,9.3196792,9.7034445,91.904919,96.193298,92.230933,87.718612,92.75301,88.101341,71.389264,80.317606,72.06802,99.874779,99.956104,99.881019,32.901128,33.215575,32.925007
Venezuela,2002,,,80.602874,75.601662,79.880776,3.5552194,3.6755553,3.5725843,1.656149,1.3866799,1.6172637,10.226417,4.8245039,9.4464638,13.016211,4.9692914,11.855013,89.947037,97.805178,91.080993,85.005886,97.778657,86.84904,65.747906,95.269043,70.007906,99.79681,99.844085,99.803716,,,
Venezuela,2003,,,81.544651,79.222656,80.509818,3.4889664,3.6832624,3.5755744,1.6773893,1.5034266,1.5998449,11.051645,6.4276341,8.9908816,14.515769,7.2740891,11.287768,88.447826,96.219561,91.912101,83.052973,93.487636,87.704256,60.553993,84.538086,71.244976,95.671368,95.575099,95.628145,39.855457,57.123426,47.551166
