country,year,all_rural,all_urban,adult25_65_rural,adult25_65_urban,male_adult25_65_rural,male_adult25_65_urban,female_adult25_65_rural,female_adult25_65_urban
Argentina,2003,,8.0611183,,10.427038,,10.290716,,10.547732
Argentina,2004,,8.1766639,,10.506157,,10.410539,,10.592085
Argentina,2005,,8.2615006,,10.604939,,10.475556,,10.720438
Argentina,2006,,8.3198619,,10.714486,,10.534705,,10.874052
Argentina,2007,,8.4053779,,10.78293,,10.650444,,10.899619
Argentina,2008,,8.4914836,,10.896238,,10.754377,,11.023512
Argentina,2009,,8.5703146,,10.976228,,10.786975,,11.144773
Argentina,2010,,8.6885504,,11.131731,,10.919936,,11.322586
Argentina,2011,,8.7599721,,11.20345,,10.988961,,11.401337
Argentina,2012,,8.8386938,,11.301034,,11.098734,,11.486108
Argentina,2013,,8.8848839,,11.322075,,11.155598,,11.47301
Argentina,2014,,8.9113324,,11.293558,,11.079652,,11.484794
Argentina,2016,,9.0541735,,11.424408,,11.153558,,11.66609
Argentina,2017,,9.1223139,,11.507298,,11.239667,,11.748062
Argentina,2018,,9.2194599,,11.61037,,11.311727,,11.878194
Argentina,2019,,9.3511952,,11.724569,,11.439197,,11.986682
Argentina,2020,,9.2281914,,11.66873,,11.30682,,11.988597
Argentina,2021,,9.4568396,,11.956618,,11.6303,,12.264162
Argentina,2022,,9.5,,11.9,,11.6,,12.2
Bolivia,2011,4.9840648,8.785135,5.3326249,10.727882,6.3081132,11.44778,4.3713147,10.065052
Bolivia,2012,5.0841179,8.802974,5.782826,10.875645,6.8164559,11.607497,4.7981742,10.225059
Bolivia,2013,5.1721254,9.5557371,5.6809604,11.502992,6.6315376,12.142646,4.8004482,10.915037
Bolivia,2014,4.9684995,8.902495,5.3856868,10.818898,6.3911257,11.413294,4.3673835,10.280057
Bolivia,2015,5.4301996,8.9881627,5.7643062,10.823325,6.7175259,11.495142,4.8022117,10.202781
Bolivia,2016,5.1206733,8.9354903,5.8031495,10.974902,6.8296968,11.598447,4.7998438,10.409554
Bolivia,2017,5.1180396,9.0951339,5.9043504,11.232856,6.850759,11.762444,4.9740315,10.753282
Bolivia,2018,5.3639442,9.0863413,6.2740289,11.205047,7.2416827,11.728613,5.3260533,10.729478
Bolivia,2019,5.6204455,9.1498702,6.6802756,11.399012,7.6069351,11.933933,5.7808463,10.91807
Bolivia,2020,5.4713708,9.5140274,6.195663,11.742754,7.0956995,12.182218,5.3115716,11.349657
Bolivia,2021,6.0675053,9.1928151,7.156425,11.428304,8.076902,11.931629,6.2599627,10.974324
Brazil,1995,2.1432124,4.6485204,2.7493926,6.2365784,2.653688,6.2977647,2.8506898,6.1823309
Brazil,1996,2.3038917,4.8138107,2.8987419,6.3914669,2.7870668,6.4444045,3.0151012,6.3446806
Brazil,1997,2.3204565,4.9014163,2.8670183,6.4985548,2.7536881,6.5276263,2.988061,6.4726453
Brazil,1998,2.4593811,5.0876263,3.0278056,6.6587273,2.8900055,6.6932236,3.174819,6.6281076
Brazil,1999,2.6417076,5.2039153,3.1352999,6.7432378,3.015831,6.7266922,3.2613757,6.757945
Brazil,2001,2.6844037,5.4294566,3.029748,6.9426803,2.8409051,6.901712,3.2345917,6.979193
Brazil,2002,2.8622587,5.6030651,3.1981791,7.1230087,3.0131719,7.0616223,3.4010778,7.1774238
Brazil,2003,3.0460503,5.7656433,3.3674067,7.2759024,3.1545459,7.2180897,3.5999663,7.3270112
Brazil,2004,3.1384228,5.8979542,3.4838027,7.4363337,3.2717149,7.3447838,3.7160342,7.5170591
Brazil,2005,3.2816065,6.0407217,3.6329876,7.5793051,3.3747751,7.4955972,3.9159375,7.6532918
Brazil,2006,3.4381604,6.2247019,3.8418371,7.8061852,3.5811295,7.7044677,4.1292323,7.8962178
Brazil,2007,3.5886093,6.324574,4.0201456,7.9460416,3.7567314,7.8310603,4.3094988,8.0476715
Brazil,2008,3.7363312,6.4815591,4.25546,8.1370638,3.9148973,8.0131329,4.6268533,8.2463595
Brazil,2009,3.8555969,6.5990085,4.4374955,8.2919712,4.143192,8.1651762,4.7606695,8.403976
Brazil,2011,3.9221131,6.7617338,4.4808599,8.4560135,4.1013396,8.2715711,4.8876985,8.6199623
Brazil,2012,4.1161905,6.9544338,4.7170894,8.739488,4.3956484,8.5755581,5.0698436,8.8893309
Brazil,2013,4.2477184,7.0862732,4.87208,8.8916927,4.5090538,8.7215221,5.2766278,9.0469203
Brazil,2014,4.4495344,7.201568,5.1393314,9.0428831,4.7371964,8.8167892,5.5828547,9.2498124
Brazil,2015,4.5922463,7.3240541,5.3640439,9.2053764,4.9499938,9.0001638,5.8175306,9.3933363
Brazil,2016,4.6783579,7.4288889,5.4599911,9.324335,5.0452683,9.1028396,5.9140348,9.5275665
Brazil,2017,4.7715578,7.5381778,5.5961885,9.4661359,5.1468051,9.2410173,6.0959944,9.672213
Brazil,2018,4.9448807,7.6923848,5.8068933,9.6794484,5.3626878,9.4326459,6.296472,9.9058103
Brazil,2019,4.9791445,7.7866007,5.9318068,9.761841,5.4342647,9.503206,6.4844963,9.9993392
Brazil,2020,5.3440762,7.9697145,6.4100045,10.033252,5.9074779,9.7665866,6.9633173,10.278438
Brazil,2021,5.3529303,8.0321873,6.4473649,10.129007,5.9737715,9.8899765,6.9786132,10.348607
Brazil,2022,5.2590834,8.0235844,6.3095295,10.089915,5.8343817,9.8269054,6.8401644,10.332086
Chile,1987,4.5016366,7.1705264,5.3107923,9.1165857,5.3800664,9.4973413,5.2367453,8.7912114
Chile,1990,4.8288586,7.2928774,5.9614724,9.566399,6.0096369,9.8919901,5.9088506,9.2862379
Chile,1992,4.6904935,6.8456016,5.7413794,8.9793979,5.8150518,9.1753994,5.6645653,8.8119449
Chile,1994,6.1546856,8.8597748,6.278407,9.7641011,6.3446245,10.03544,6.2090765,9.5253762
Chile,1996,4.9482319,7.6227419,6.0696081,10.087216,6.0640856,10.373124,6.0756008,9.8326169
Chile,1998,5.1263842,7.8059289,6.2534925,10.335039,6.2461791,10.580507,6.2613221,10.117184
Chile,2000,5.3699715,8.020675,6.5019414,10.639535,6.4935324,10.880766,6.510909,10.422748
Chile,2003,5.7882699,8.3476455,6.9516472,10.847908,7.0110196,11.063742,6.8889265,10.653169
Chile,2006,6.2739997,8.4756612,7.5077371,10.791511,7.4894872,11.001525,7.5261891,10.602867
Chile,2009,6.6056748,8.7533395,7.9955861,11.081901,7.9821362,11.253962,8.0091739,10.931303
Chile,2011,6.7946359,8.889947,8.1833584,11.227601,8.2084133,11.381628,8.1585374,11.096317
Chile,2013,6.9357382,9.0856285,8.4499593,11.600369,8.3811617,11.747815,8.5165464,11.47519
Chile,2015,7.3139648,9.2884993,9.0419039,11.846871,8.9635857,11.981044,9.1173043,11.733664
Chile,2017,7.5076289,9.5414423,9.3213821,12.084078,9.2209615,12.165564,9.4182014,12.014509
Chile,2020,8.1842136,9.9561182,10.184075,12.521594,10.001268,12.600832,10.343699,12.459382
Chile,2022,8.2777648,10.177158,10.309608,12.862986,10.123658,12.88726,10.511448,12.839276
Colombia,2001,3.7739337,7.1110007,4.145856,8.4186371,4.0034589,8.5223623,4.3040594,8.3299762
Colombia,2002,3.9164456,7.1120477,4.3163762,8.5002392,4.3001381,8.6921504,4.334127,8.3319214
Colombia,2003,4.0082917,7.1961526,4.3580541,8.5527049,4.3506777,8.6968345,4.3661976,8.4278241
Colombia,2004,4.2943576,7.3057574,4.6143631,8.6762326,4.6534513,8.8099285,4.5700384,8.5594173
Colombia,2005,4.208059,7.5225972,4.4691141,8.9516668,4.3253442,9.0853685,4.6308596,8.8350008
Colombia,2008,4.1899474,7.4674229,4.5216505,9.1298886,4.3896672,9.2281552,4.6716164,9.0439782
Colombia,2009,4.216148,7.3809218,4.5674156,8.9850009,4.4589439,9.017259,4.6899643,8.9568143
Colombia,2010,4.3186374,7.5041869,4.6461492,9.1302372,4.4948273,9.1789339,4.8181175,9.0875772
Colombia,2011,4.4027901,7.593256,4.7423975,9.2555797,4.6521072,9.266314,4.8443138,9.24616
Colombia,2012,4.4643898,7.6674613,4.8573918,9.3465415,4.6929462,9.3625285,5.0430116,9.3324698
Colombia,2013,4.5944001,7.8351175,5.0397079,9.5558758,4.8412688,9.5310973,5.2642888,9.5777292
Colombia,2014,4.7390212,7.9362137,5.2424487,9.6882184,5.0024892,9.6550886,5.5133543,9.7175923
Colombia,2015,4.8232216,7.9817278,5.3533465,9.7472712,5.1351385,9.7087472,5.601462,9.7815026
Colombia,2016,4.9940049,8.1036831,5.6146261,9.8984672,5.3377162,9.836462,5.9277616,9.9538094
Colombia,2017,5.0401783,8.1766425,5.7370764,9.9801375,5.4590996,9.9059615,6.0515676,10.046545
Colombia,2018,5.1351539,8.3005957,5.8257741,10.133489,5.5348223,10.024629,6.1563073,10.231296
Colombia,2019,5.2844852,8.3648094,6.0691164,10.250672,5.7228077,10.137586,6.4607066,10.352474
Colombia,2020,5.5446771,8.4438336,6.416009,10.33765,6.092522,10.209696,6.7843532,10.45323
Colombia,2021,5.6482792,8.4921305,6.5127513,10.442773,6.2271508,10.316659,6.8348939,10.55688
Colombia,2021,5.682248,8.6614506,6.4891417,10.532947,6.1721134,10.397699,6.8239843,10.65256
Colombia,2022,5.7025795,8.8580916,6.535579,10.744471,6.2257244,10.618412,6.8652162,10.855903
Costa Rica,2006,5.6855533,7.9262912,6.6836814,9.4976156,6.6133315,9.5178244,6.7527066,9.4799793
Costa Rica,2007,5.7843389,8.0437042,6.7658279,9.6433683,6.7022073,9.7151499,6.8264185,9.5792967
Costa Rica,2008,5.9887596,8.138241,6.961533,9.6879469,6.8814405,9.7306786,7.0394856,9.651397
Costa Rica,2009,6.1729826,8.2573526,7.0351218,9.7621049,6.9445727,9.7511515,7.1230558,9.7716905
Costa Rica,2010,5.6359407,7.8469188,6.7121699,9.5421453,6.5912212,9.5323582,6.8299159,9.5507592
Costa Rica,2011,5.8164801,7.9217355,6.8838277,9.6381778,6.7718105,9.6123246,6.9919993,9.661056
Costa Rica,2012,5.9731992,8.0282974,6.982966,9.6828659,6.9124563,9.621899,7.0512722,9.7366506
Costa Rica,2013,6.030054,8.1514771,7.0498352,9.7743006,6.9507454,9.7665033,7.1451607,9.7811609
Costa Rica,2014,6.0957291,8.1602254,7.1870742,9.7115507,7.0290088,9.7042704,7.3405249,9.7179633
Costa Rica,2015,6.0650984,7.8974919,7.1372907,9.5427648,6.8426027,9.4925282,7.4244852,9.5873828
Costa Rica,2016,5.9914457,7.9437089,7.0904193,9.5625136,6.8129282,9.4825335,7.3537032,9.6336368
Costa Rica,2017,6.1436436,7.9809653,7.1977591,9.6105518,6.8892632,9.5604662,7.4908292,9.6542443
Costa Rica,2018,6.2289627,8.0994168,7.2985392,9.6802338,7.0226825,9.5585621,7.561473,9.7860702
Costa Rica,2019,6.3307367,8.2269605,7.3792061,9.8281864,7.1426933,9.7268483,7.5967529,9.916529
Costa Rica,2020,6.5369893,8.2343901,7.5288085,9.7742,7.2470316,9.6766416,7.796722,9.858312
Costa Rica,2021,6.623604,8.4643005,7.622541,9.9325515,7.3179134,9.7886934,7.9130291,10.05895
Costa Rica,2022,6.6392616,8.5607982,7.641234,9.99554,7.3912506,9.7910638,7.870604,10.167829
Costa Rica,2023,6.7740492,8.6700024,7.8814444,10.119732,7.7038647,9.9673765,8.045262,10.249348
Dominican Rep.,2000,4.3457597,6.9470486,5.0110527,8.6044422,5.2036482,8.6751446,4.8089758,8.5422447
Dominican Rep.,2001,4.5076753,6.9751292,5.1340632,8.6050606,5.0951113,8.6836564,5.1756301,8.53539
Dominican Rep.,2002,4.7612886,7.1739948,5.3559832,8.8480693,5.1983417,8.9126006,5.5240541,8.7917251
Dominican Rep.,2003,5.0282148,7.228776,5.8444023,8.9060612,5.7353049,8.9081396,5.9645818,8.9042178
Dominican Rep.,2004,5.2507425,7.3843087,6.104804,8.9819549,5.9939678,8.9187052,6.2203611,9.0371144
Dominican Rep.,2005,5.1854565,7.318836,5.9251219,8.9209405,5.7460921,8.8634779,6.1186331,8.9729348
Dominican Rep.,2005,5.1854565,7.318836,5.9251219,8.9209405,5.7460921,8.8634779,6.1186331,8.9729348
Dominican Rep.,2006,5.3965344,7.4190233,6.206227,9.0810156,6.0011974,8.9650685,6.4257691,9.1866472
Dominican Rep.,2007,5.6642606,7.5955368,6.4643129,9.1930083,6.3276483,9.1103133,6.6051939,9.2687088
Dominican Rep.,2008,5.4251045,7.7019291,6.0152937,9.2698522,5.8572754,9.0916758,6.1836659,9.4336429
Dominican Rep.,2009,5.544418,7.7578988,6.1489172,9.3771588,5.9137188,9.30285,6.4086596,9.4423738
Dominican Rep.,2010,5.7002505,7.8394991,6.3481828,9.3912475,5.9929352,9.2011258,6.7289407,9.562937
Dominican Rep.,2011,5.8119037,7.8997938,6.435251,9.4083915,6.1290226,9.2236678,6.7765493,9.5730233
Dominican Rep.,2012,5.890105,7.9464361,6.5193776,9.6451808,6.1668226,9.4384131,6.9017544,9.8265516
Dominican Rep.,2013,5.9872171,8.0567178,6.6187912,9.6450423,6.3096536,9.4071581,6.9461941,9.8587343
Dominican Rep.,2014,6.1558984,8.2821662,6.7326516,9.7918701,6.3620848,9.5350373,7.1259687,10.031244
Dominican Rep.,2015,6.2486883,8.3383617,6.9073707,9.9549003,6.6002898,9.6470985,7.237072,10.22672
Dominican Rep.,2016,6.3037927,8.3783109,6.9515984,10.088828,6.5467137,9.6884718,7.3953766,10.442766
Dominican Rep.,2016,6.3293535,8.0905585,7.1722453,9.8258756,6.6752354,9.4038132,7.7054398,10.216034
Dominican Rep.,2017,6.3311994,8.121128,7.3206638,9.8710451,6.9406924,9.4104513,7.7434267,10.281821
Dominican Rep.,2018,6.2914861,8.2473948,7.2249445,10.074151,6.790554,9.6846916,7.6910645,10.427659
Dominican Rep.,2019,6.5323393,8.3651846,7.5894543,10.223223,7.0606473,9.7752754,8.1572443,10.632633
Dominican Rep.,2020,6.6170307,8.3321467,7.803103,10.117614,7.360038,9.6436439,8.2630404,10.544559
Dominican Rep.,2021,6.7547443,8.3038073,8.1066521,10.178157,7.5668405,9.6263948,8.6679359,10.66781
Dominican Rep.,2021,6.754744,8.303807,8.106652,10.17816,7.566841,9.626395,8.667936,10.66781
Dominican Rep.,2022,6.724835,8.240591,8.083236,10.18812,7.524899,9.601706,8.647518,10.70591
Ecuador,2006,5.0901435,8.383123,5.5476356,9.853488,5.8639945,10.037325,5.2285881,9.6866923
Ecuador,2003,4.7122158,8.0239421,5.2613336,9.8189846,5.5529717,9.9593503,4.9779839,9.6888307
Ecuador,2004,4.800948,8.1009665,5.318545,9.882575,5.5684487,10.014699,5.0754239,9.7632952
Ecuador,2005,4.8161206,8.255518,5.2619301,10.099742,5.5276104,10.308978,4.9980161,9.9088777
Ecuador,2006,4.9603797,8.2537591,5.4786198,10.056178,5.7822038,10.254021,5.1822774,9.8759438
Ecuador,2007,4.9930016,8.2897407,5.5530681,10.061906,5.7804438,10.293342,5.3310278,9.8564059
Ecuador,2008,5.1734473,8.3744321,5.6296748,10.059739,5.8988809,10.256116,5.374798,9.8886835
Ecuador,2009,5.2791107,8.5567742,5.6934395,10.18302,5.9331263,10.382689,5.4602637,10.009113
Ecuador,2010,5.3834135,8.7206903,5.7739214,10.35144,5.9655938,10.519971,5.5887679,10.204415
Ecuador,2011,5.4809838,8.8506587,6.035521,10.454923,6.2472426,10.601463,5.8322263,10.325828
Ecuador,2012,5.6352024,9.0183245,6.1387381,10.658003,6.3263896,10.811458,5.9629273,10.523399
Ecuador,2013,5.9066481,8.7775154,6.4701428,10.509268,6.6421146,10.603638,6.3065636,10.426088
Ecuador,2014,6.222513,8.5998205,6.9640364,10.316427,7.0957561,10.40634,6.8373711,10.236986
Ecuador,2015,6.24033,8.9210355,7.1275659,10.699618,7.3748879,10.661011,6.8881162,10.734731
Ecuador,2016,6.3701882,8.844705,7.3334727,10.607138,7.5187497,10.562229,7.1533795,10.647718
Ecuador,2017,6.299844,8.9512041,7.179753,10.76449,7.3758972,10.716036,6.990186,10.808574
Ecuador,2018,6.2646664,8.9322371,6.9477886,10.700403,7.1401106,10.690238,6.7643797,10.709598
Ecuador,2019,6.2413981,8.9940286,6.9247876,10.831099,7.1109404,10.797843,6.749134,10.860937
Ecuador,2020,6.7156756,9.0954862,7.4638799,10.703406,7.7934848,10.502073,7.1503155,10.882065
Ecuador,2021,7.1218443,9.2548968,7.9816617,10.892041,8.0648208,10.826241,7.8998024,10.95056
Ecuador,2022,6.895212,9.099155,7.800681,10.91698,7.953594,10.85079,7.659978,10.97586
Ecuador,2023,6.7582097,8.9564512,7.7235232,10.883286,7.8929491,10.871692,7.5588013,10.893455
El Salvador,2000,3.1839509,6.5144082,3.2630251,8.1359774,3.6236299,8.7359778,2.9516492,7.6664921
El Salvador,2001,3.3103626,6.5475485,3.4907417,8.1404456,3.912576,8.7554372,3.1321885,7.6643341
El Salvador,2002,3.3251247,6.6234388,3.5020176,8.3377487,3.8128475,8.9469334,3.2360946,7.8757817
El Salvador,2003,3.4627986,6.670572,3.7799838,8.453625,4.1546651,8.9862774,3.4584821,8.0283853
El Salvador,2004,3.6052008,6.6258399,3.82428,8.4193425,4.2356981,9.0971084,3.4632094,7.8764671
El Salvador,2005,3.7168889,6.706616,4.0566294,8.4523953,4.4601403,9.0298928,3.7278319,8.0101766
El Salvador,2006,3.8521845,6.7639514,4.2259022,8.6138367,4.6009962,9.1904882,3.9136407,8.1731129
El Salvador,2007,3.915763,6.8099884,4.2079026,8.5225164,4.582972,9.1269659,3.8986536,8.0600538
El Salvador,2008,3.8207205,6.6017401,3.9051095,8.2253812,4.2462823,8.8748837,3.6173531,7.7320205
El Salvador,2009,3.8690224,6.8621987,3.89081,8.4229657,4.1733284,8.9156179,3.6540649,8.0428825
El Salvador,2010,4.0066435,6.9316247,3.986193,8.4146364,4.3319762,8.8713207,3.687105,8.0668642
El Salvador,2011,4.202965,7.0585196,4.1289094,8.5166306,4.4815531,9.0059549,3.8261365,8.1373602
El Salvador,2012,4.377603,7.2381942,4.3418759,8.7491929,4.6926659,9.2859857,4.0343749,8.3317652
El Salvador,2013,4.5428778,7.3793991,4.5415866,8.8077619,4.8905797,9.3565405,4.2428709,8.3854276
El Salvador,2014,4.6910527,7.4922121,4.7800034,8.9102424,5.1136711,9.3960498,4.4911918,8.5327902
El Salvador,2015,4.7540178,7.6047697,4.8910856,9.0191199,5.2070803,9.4330558,4.6147796,8.6938091
El Salvador,2016,4.7779165,7.6328155,4.9677955,9.0017375,5.2943122,9.4759952,4.6854037,8.6284159
El Salvador,2017,4.9204443,7.5738,5.1801608,8.9533339,5.5148749,9.3631157,4.8832584,8.6313622
El Salvador,2018,5.0439191,7.8029173,5.3410892,9.3221026,5.6447374,9.7499226,5.0777086,8.9841147
El Salvador,2019,5.0845962,7.9209285,5.4861548,9.4144313,5.8438788,9.8743292,5.1791857,9.0436713
El Salvador,2020,5.2494214,7.9478565,5.7374497,9.4866971,6.1017947,10.027454,5.4244887,9.0572639
El Salvador,2021,5.3105148,7.8459449,5.9228648,9.3459152,6.2227564,9.6795133,5.6662272,9.0861911
El Salvador,2022,5.375935,7.971562,6.025815,9.519543,6.234536,9.877644,5.852395,9.237679
El Salvador,2023,5.360374,8.04606,6.11185,9.619183,6.394497,9.916146,5.868437,9.388268
Guatemala,2000,2.2646969,5.5974502,1.9992279,6.4863172,2.585501,7.4730688,1.4628493,5.6551651
Guatemala,2006,2.6859126,5.8409379,2.4176194,6.7783298,3.014551,7.5101946,1.9142025,6.1979338
Guatemala,2011,3.2863623,6.1245963,2.7282454,6.8056985,3.3134497,7.5133333,2.2123909,6.2147544
Guatemala,2014,3.7399679,6.2466835,3.1715545,6.8886439,3.6652451,7.4729383,2.7320589,6.3940754
Guatemala,2002,2.6582027,6.0780864,2.2439964,6.9508425,2.7833622,7.7459609,1.7387386,6.2516903
Guatemala,2003,2.855344,6.1556683,2.6038261,6.9036768,3.2010791,7.7839277,2.0435656,6.1118466
Guatemala,2004,2.6709882,5.6537057,2.2550721,6.2755896,2.6946354,7.0560118,1.8610452,5.627558
Honduras,2001,3.2399999,5.8999879,3.5312095,7.2988661,3.5129442,7.5556642,3.5478986,7.0926708
Honduras,2002,2.9414316,5.8034179,3.1213136,7.1958603,3.1221905,7.4074667,3.1204574,7.0274512
Honduras,2003,3.0229291,5.9037256,3.1478323,7.178726,3.1367207,7.3204958,3.1583314,7.069026
Honduras,2004,3.1863813,6.1462841,3.4065179,7.4952072,3.3727368,7.5829616,3.438151,7.425949
Honduras,2005,3.306756,6.1660098,3.4627458,7.4512396,3.4125347,7.6011053,3.508493,7.337754
Honduras,2006,3.3832613,6.3109561,3.5600576,7.6572191,3.5385041,7.7900704,3.5794381,7.5576706
Honduras,2007,3.4969576,6.4617277,3.6742534,7.6820896,3.5910791,7.8317619,3.7482476,7.567018
Honduras,2008,3.6590405,6.6312031,3.736276,7.9606462,3.6509471,8.0625165,3.8117385,7.8832772
Honduras,2009,3.7835223,6.6656674,3.7859975,7.8654153,3.699951,7.9580895,3.862065,7.7960836
Honduras,2010,3.9446016,6.9603859,3.9371271,8.1282372,3.8364038,8.2419698,4.0283425,8.0417928
Honduras,2011,4.1157029,7.0703598,4.0416254,8.1716635,3.9579531,8.2869847,4.1158627,8.0837235
Honduras,2012,4.2135438,7.0218709,4.1698167,8.0257916,4.0635984,8.0648871,4.2653934,7.995911
Honduras,2013,4.3459038,7.1555751,4.2914377,8.2513355,4.1422088,8.3209674,4.4230898,8.1988688
Honduras,2014,4.294708,6.9821965,4.3859936,8.1502075,4.2534523,8.1505195,4.5059055,8.1499698
Honduras,2015,4.3164299,7.0078849,4.2739305,8.0235104,4.1104114,7.8992625,4.424467,8.1152584
Honduras,2016,4.5475706,7.1598826,4.6004664,8.2968704,4.3464784,8.4015494,4.8298877,8.21646
Honduras,2017,4.2643191,7.0497976,4.3598245,8.3489946,4.2143412,8.1536922,4.4949567,8.4936479
Honduras,2018,4.4668537,7.2556459,4.5559498,8.3977779,4.4019965,8.4062204,4.7024258,8.391289
Honduras,2019,4.7057609,7.5444447,4.8164638,8.7989463,4.6679575,8.6723083,4.9483771,8.8984784
Mexico,1989,3.7213379,6.5317147,3.5372765,7.4581786,3.9286127,8.2159882,3.1800026,6.7858963
Mexico,1992,3.4615072,6.4681528,3.0603216,7.4108269,3.4871081,8.0154048,2.6491063,6.8831016
Mexico,1994,3.5315113,6.6142037,3.2780435,7.640177,3.6215976,8.1512723,2.9524013,7.1902957
Mexico,1996,3.8657345,6.9087924,3.832576,8.0509804,4.1708342,8.6208548,3.5221252,7.5599631
Mexico,1998,3.9636491,7.0313322,3.8256157,8.1962331,4.0483842,8.769574,3.6260302,7.6918783
Mexico,2000,4.1098471,7.4177206,4.0391252,8.7441739,4.3754634,9.2949412,3.7431653,8.2519256
Mexico,2002,4.4469863,7.427026,4.4024293,8.6431287,4.603773,9.1423652,4.2277807,8.2153485
Mexico,2004,4.8721649,7.4431009,5.1077745,8.7546647,5.4399767,9.1718693,4.8212324,8.3940662
Mexico,2005,5.1175255,7.5531581,5.4259123,8.8462398,5.7673423,9.298097,5.1217565,8.4540742
Mexico,2006,5.2056277,7.66505,5.5634065,9.0487135,5.8726803,9.4957031,5.3094478,8.6686638
Mexico,2008,4.8125205,7.5051325,5.2597144,9.1276248,5.4835102,9.4630219,5.0595998,8.8333871
Mexico,2010,5.1438252,7.7370272,5.79764,9.4374986,6.0371327,9.8006286,5.5784515,9.1219088
Mexico,2012,5.2590904,7.9280336,5.9347219,9.619581,6.1403849,9.9207193,5.74555,9.3484976
Mexico,2014,5.4419397,8.1373034,6.2459525,9.935432,6.3901193,10.200648,6.1114549,9.7032555
Mexico,2016,5.8351625,8.3166864,6.7609544,10.139342,6.8391708,10.350297,6.6903776,9.9561122
Mexico,2018,6.0549598,8.5822266,7.0889256,10.414105,7.1470519,10.613887,7.0366374,10.237507
Mexico,2020,6.358428,8.8368427,7.3934569,10.620101,7.4422713,10.766849,7.349586,10.490828
Nicaragua,1993,2.214383,5.098176,2.2358087,6.145936,2.3021511,6.5803673,2.1683128,5.7729904
Nicaragua,1998,2.8268685,5.5318041,3.0788048,6.6288238,3.0743209,7.0915541,3.0835098,6.2502265
Nicaragua,2001,2.8993238,5.8439033,2.9780511,6.6868334,3.0485602,6.883682,2.9048535,6.5225109
Nicaragua,2005,3.2622649,6.524327,3.1367516,7.5995876,3.1510149,7.7701273,3.1228188,7.465043
Nicaragua,2009,3.7282239,6.8974127,3.7018557,7.9333306,3.7443367,8.0573513,3.6611173,7.8298549
Nicaragua,2014,4.3012869,7.5554466,4.2954028,8.8873883,4.2414476,8.7505826,4.3512463,8.9990744
Panama,1989,5.9383351,9.7148649,5.5419404,10.021219,5.4547487,10.182598,5.6393324,9.8827439
Panama,1991,5.2115679,8.3831899,5.8781673,10.196639,5.8253775,10.2935,5.9360941,10.116389
Panama,1995,6.15771,9.2003734,6.940627,10.665388,6.7782801,10.65053,7.1256376,10.678744
Panama,1997,5.4114068,8.7661054,6.4528293,10.699157,6.3419331,10.714878,6.5752313,10.68536
Panama,1998,5.4982506,8.7864499,6.5815531,10.646645,6.447347,10.691984,6.7307139,10.605948
Panama,1999,5.5667572,8.964135,6.6341284,10.830868,6.4712701,10.848603,6.813545,10.814937
Panama,2000,5.6933938,8.9655408,6.8500973,10.813857,6.672875,10.795798,7.044936,10.829906
Panama,2001,5.0845143,8.6816602,5.9110557,10.483906,5.8839435,10.38023,5.9414565,10.578983
Panama,2002,5.1773766,8.7737079,6.1719498,10.629837,6.0715296,10.461055,6.2848543,10.781893
Panama,2003,5.3009865,8.9224944,6.3403046,10.814229,6.2406842,10.665687,6.4493971,10.947833
Panama,2004,5.4960966,9.0240046,6.569102,10.923896,6.4988964,10.778475,6.6445623,11.05406
Panama,2005,5.6098202,8.9980146,6.6850794,10.923279,6.6326531,10.812995,6.7411161,11.021581
Panama,2006,5.7026263,9.0027977,6.8455493,10.926276,6.8488983,10.746825,6.8419821,11.092935
Panama,2007,5.7684635,9.0546595,6.8922224,11.070122,6.8628395,10.896175,6.9237652,11.224537
Panama,2008,5.8399982,9.2057597,7.0916028,11.20818,7.0163521,11.051979,7.1704476,11.344657
Panama,2009,5.8796536,9.2850581,6.9992085,11.304428,6.9681499,11.110599,7.0315659,11.476814
Panama,2010,5.8229025,9.2138051,7.0483241,11.338904,6.9981106,11.151071,7.1010503,11.50888
Panama,2011,5.6400023,9.3894343,6.9770226,11.541902,6.9696196,11.220669,6.9846093,11.823546
Panama,2012,5.722976,9.5513221,7.1402724,11.769322,7.0521943,11.447459,7.2302322,12.048762
Panama,2013,5.7726362,9.514101,7.1211507,11.734817,7.0776972,11.490292,7.1660036,11.950667
Panama,2014,5.8995188,9.6114761,7.255964,11.835005,7.1956598,11.587332,7.3168395,12.052504
Panama,2015,6.0167374,9.6828329,7.4366379,11.896213,7.3050288,11.554925,7.5694344,12.199616
Panama,2016,6.0609882,9.7291678,7.449799,11.955237,7.3829882,11.64912,7.5147144,12.231003
Panama,2017,6.2008206,9.7097838,7.6891557,11.89412,7.5926117,11.557849,7.7802311,12.200624
Panama,2018,6.30821,9.687609,7.833731,11.916765,7.6474899,11.530458,8.0201333,12.263423
Panama,2019,6.4388543,9.8372924,8.056594,12.05629,7.882167,11.751727,8.2285957,12.329584
Panama,2021,6.6052593,9.8895493,8.3505016,12.086101,8.2244882,11.786411,8.4716219,12.353674
Panama,2023,6.6899926,9.9811819,8.3707545,12.176367,8.0958697,11.752114,8.6325731,12.550382
Paraguay,1990,4.3198198,6.3969762,6.0778443,9.0152729,6.2168675,9.3620724,5.9404762,8.7164528
Paraguay,1995,3.7373994,6.4224703,5.7762167,9.2343695,6.0227963,9.709203,5.5368223,8.8083215
Paraguay,1995,3.1397956,5.4961972,4.4891097,8.020097,4.6847892,8.4286146,4.278963,7.6432206
Paraguay,1997,3.3486306,5.7682025,4.5770079,8.1742462,4.7834604,8.590897,4.355486,7.7825036
Paraguay,1999,3.5045892,5.8929255,4.6474287,8.3510207,4.8648284,8.6623311,4.4195543,8.0620401
Paraguay,2001,3.658204,6.2216864,4.7651703,8.5437028,4.9656782,8.8444333,4.5469179,8.2828534
Paraguay,2002,3.9200256,6.1777762,4.8989788,8.2996416,4.9787325,8.5036684,4.8085172,8.1122517
Paraguay,2003,4.1192268,6.4464014,5.246987,8.8441,5.4595062,9.0882347,5.0115992,8.6260415
Paraguay,2004,4.2170183,6.5002888,5.1443421,8.7294848,5.3178744,8.9332726,4.9461027,8.543548
Paraguay,2005,4.5057984,6.7662694,5.7282224,9.2242818,5.9033276,9.4263906,5.5335151,9.0391289
Paraguay,2006,4.5006847,6.7733083,5.6593233,9.1010771,5.8228753,9.3118147,5.4819436,8.9133995
Paraguay,2007,4.688643,6.8987506,5.9547467,9.1308796,6.0898159,9.3266809,5.8150267,8.9512838
Paraguay,2008,4.5853321,7.0897227,5.9259325,9.5368631,6.0792272,9.7159018,5.7613293,9.3670731
Paraguay,2009,4.6920377,7.2490643,5.9360378,9.6644498,6.0964416,9.8046324,5.768236,9.5320201
Paraguay,2010,4.7007264,7.1491852,5.8936212,9.6179218,6.105638,9.7467705,5.6568645,9.4990112
Paraguay,2011,4.9553935,7.5228147,6.2627687,10.031833,6.3936197,10.171062,6.1202746,9.9070354
Paraguay,2012,4.8187989,7.5783512,6.0594911,10.041818,6.1857526,10.137484,5.9211112,9.9545282
Paraguay,2013,5.2297967,7.8392904,6.5767028,10.509595,6.6850884,10.54355,6.459283,10.47896
Paraguay,2014,5.2744079,7.9067902,6.7822818,10.418733,6.9069035,10.451673,6.6423131,10.388959
Paraguay,2015,5.4801136,8.039755,7.0685497,10.639422,7.2374441,10.650867,6.8906563,10.62931
Paraguay,2016,5.336415,7.9275052,6.8011292,10.446677,6.903482,10.358709,6.6939724,10.529317
Paraguay,2017,5.4910674,7.9623752,7.0506859,10.486765,7.1173949,10.476108,6.9807786,10.496576
Paraguay,2018,5.6140895,8.0172895,7.2706745,10.599112,7.3309256,10.659086,7.2069526,10.543163
Paraguay,2019,5.7710823,8.1998751,7.5187115,10.898823,7.5920002,10.981516,7.4428006,10.822827
Paraguay,2020,5.8802051,8.2343905,7.664377,10.878051,7.7331383,10.830356,7.5933643,10.922923
Paraguay,2021,5.9561589,8.376284,7.7651996,11.001535,7.6032652,10.982354,7.9332324,11.018956
Paraguay,2022,6.241645,8.67129,8.193833,11.4201,8.018784,11.30792,8.381836,11.52291
Paraguay,2023,6.4821,8.822452,8.371735,11.36156,8.255006,11.25778,8.490107,11.45603
Peru,1998,3.6366862,7.3295189,4.4577729,9.8464083,5.6133072,10.57682,3.36026,9.2015315
Peru,1999,3.6025162,7.3443006,4.3669522,9.8164043,5.4460738,10.658434,3.3643969,9.0715629
Peru,2000,3.8206046,7.2502757,4.563185,9.9330272,5.6826442,10.578569,3.5316279,9.3699828
Peru,2001,3.8485055,7.2846172,4.7139276,9.7698112,5.8634543,10.457811,3.5969346,9.159798
Peru,2002,3.9682201,7.4913418,4.964163,9.9019739,6.0668798,10.571457,3.8716617,9.3077683
Peru,2003,3.7530485,7.5695513,4.6476543,9.8369064,5.6251787,10.525156,3.6791327,9.219417
Peru,2003,3.8970318,7.6231284,4.7878547,9.9935113,5.8331595,10.681747,3.7636558,9.3632331
Peru,2004,4.1352421,7.7597808,4.9611815,10.036339,6.0063845,10.702965,3.8976588,9.4196673
Peru,2005,4.1634855,7.777946,4.9607519,10.051369,6.0656021,10.650267,3.8529774,9.5099153
Peru,2006,4.2867497,7.9290681,5.0989441,10.197327,6.1629982,10.824973,4.0306835,9.6309242
Peru,2007,4.4097319,8.0187786,5.3187721,10.475168,6.4534199,11.08974,4.1925367,9.9187296
Peru,2008,4.472272,8.0923382,5.2902187,10.52554,6.4050819,11.159736,4.1825777,9.9591274
Peru,2009,4.5745161,8.1585394,5.3623526,10.552316,6.509571,11.142858,4.2372262,10.025128
Peru,2010,4.6171495,8.1845113,5.3511647,10.5699,6.5123685,11.193927,4.2332441,10.009378
Peru,2011,4.7224901,8.240581,5.4876381,10.562203,6.5695906,11.10871,4.4385014,10.071767
Peru,2012,4.8554355,8.4170592,5.6144587,10.747974,6.7273129,11.217473,4.5320282,10.327129
Peru,2013,4.8829672,8.3896539,5.6135263,10.659544,6.6877171,11.20937,4.5682331,10.163816
Peru,2014,4.9535046,8.3713242,5.6368838,10.619282,6.7076759,11.166335,4.620322,10.135431
Peru,2015,4.9220862,8.2975653,5.8319943,10.64691,6.8563388,11.110509,4.8525756,10.239709
Peru,2016,4.9348516,8.3330191,5.8745604,10.67209,6.9520518,11.168628,4.8490483,10.226844
Peru,2017,4.9740621,8.3949679,5.895294,10.711943,6.9226223,11.201959,4.9117834,10.278371
Peru,2018,5.0665295,8.4501405,5.9825394,10.781798,7.0320772,11.314704,5.0020559,10.306344
Peru,2019,5.1355086,8.5330321,6.0827624,10.88588,7.145178,11.360082,5.0984755,10.465151
Peru,2020,5.485851,8.4595867,6.3981063,10.686944,7.3812828,11.158263,5.4773211,10.271496
Peru,2021,5.3540825,8.3763419,6.4108976,10.625838,7.4031014,11.06975,5.516266,10.244213
Peru,2022,5.4780059,8.4628411,6.5641977,10.761248,7.5918327,11.206186,5.6198236,10.3771
Uruguay,2006,5.7990978,7.4520978,6.9576905,9.418586,6.6977243,9.1743779,7.2550785,9.6279154
Uruguay,2007,5.8709835,7.4808569,6.9692511,9.5270665,6.6141781,9.2486265,7.3774116,9.7657708
Uruguay,2008,5.8104586,7.4483097,6.8964806,9.4554584,6.6361259,9.1182231,7.1926577,9.7422379
Uruguay,2009,5.8904704,7.5716633,6.9745384,9.5975975,6.7057554,9.2579355,7.2867262,9.8916369
Uruguay,2010,6.0530209,7.515729,7.2801729,9.501944,6.9909282,9.1737196,7.594944,9.7879284
Uruguay,2011,6.2379373,7.9718437,7.3422459,10.022053,7.0443191,9.6793047,7.6779507,10.327546
Uruguay,2012,6.3190686,7.9561143,7.5477505,10.068719,7.1031261,9.7121932,8.0366262,10.382068
Uruguay,2013,6.5020024,7.9236217,7.726308,10.003482,7.3463844,9.6812745,8.1355162,10.297905
Uruguay,2014,6.3886135,8.0467855,7.7488886,10.100645,7.3084127,9.7460116,8.2284506,10.429102
Uruguay,2015,6.595903,8.1037797,7.7196204,10.156168,7.4021595,9.8038553,8.0689634,10.482403
Uruguay,2016,6.7150285,8.1625219,7.9160435,10.170813,7.4922425,9.8284365,8.3835549,10.489417
Uruguay,2017,6.7891849,8.286134,7.9776257,10.307558,7.5873558,9.9452149,8.4102429,10.645668
Uruguay,2018,6.8380532,8.3736951,7.9532619,10.36254,7.5018311,9.9896564,8.419149,10.707932
Uruguay,2019,6.9261644,8.4526715,8.0818196,10.415154,7.6471822,10.035731,8.5517376,10.768903
Uruguay,2020,7.0208321,8.7700886,8.208982,10.570087,7.8228502,10.215044,8.6401409,10.901152
Uruguay,2021,7.4959527,9.0198085,8.2332577,10.417957,7.4453931,10.008942,9.0902501,10.80163
Venezuela,1989,4.6049192,6.5661649,6.6166541,8.8720252,6.8377292,9.233108,6.3882233,8.5413861
Venezuela,1992,4.9094669,6.8906177,7.0595531,9.280168,7.1629321,9.5767378,6.9528931,9.0112319
Venezuela,1995,5.3277714,7.2992286,7.3015606,9.5174662,7.3036098,9.6569648,7.2994968,9.3824209
Venezuela,1997,5.630265,7.8705425,7.7459984,10.370695,7.7230247,10.533131,7.7691831,10.214909
Venezuela,1998,5.6415136,7.6926341,7.7287956,10.033999,7.6528362,10.114216,7.8053766,9.9575863
Venezuela,1999,5.7173221,7.6140042,7.7955509,9.8768222,7.7012478,9.8595924,7.8899384,9.8938862
Venezuela,2000,5.7417113,7.5974818,7.7618151,9.8634535,7.6305968,9.787549,7.8934642,9.9372147
Venezuela,2001,6.1712944,6.3454739,8.3393639,8.5214301,8.1817676,8.438087,8.4963106,8.605674
Venezuela,2002,6.0052843,7.5424933,8.1295712,9.6906111,7.9484197,9.642372,8.3113897,9.7370706
Venezuela,2003,5.692074,7.0476892,7.6485583,9.3449029,7.4342481,9.224983,7.8700093,9.4593125
