country,year,enrollment3_5yo_rural,enrollment3_5yo_urban,enrollment6_12yo_rural,enrollment6_12_yo_urban,enrollment13_17yo_rural,enrollment13_17yo_urban,enrollment18_23yo_rural,enrollment18_23yo_urban
Argentina,2003,,87.333555,,98.718117,,89.236774,,46.690279
Argentina,2004,,87.680764,,98.662458,,89.207164,,46.707872
Argentina,2005,,89.887778,,99.058267,,91.469293,,46.212971
Argentina,2006,,90.938515,,99.115027,,90.469421,,47.39092
Argentina,2007,,88.522992,,98.778397,,89.303243,,46.183839
Argentina,2008,,92.226093,,98.6011,,89.50405,,47.787933
Argentina,2009,,93.229252,,98.123711,,90.496265,,46.979444
Argentina,2010,,95.60891,,99.095021,,91.735583,,48.00032
Argentina,2011,,94.209636,,99.248586,,90.822185,,50.431028
Argentina,2012,,95.865964,,99.179377,,91.548519,,49.735189
Argentina,2013,,92.507029,,99.08165,,91.385943,,48.055694
Argentina,2014,,95.478953,,98.965464,,92.498357,,49.332831
Argentina,2016,,95.95211,,98.583767,,92.496953,,49.390251
Argentina,2017,,94.754409,,99.006428,,93.755029,,51.17634
Argentina,2018,,96.614769,,99.237031,,94.37513,,52.076493
Argentina,2019,,96.898505,,99.23523,,94.88878,,53.128879
Argentina,2020,,92.100661,,99.182294,,95.720271,,50.333123
Argentina,2021,,96.82066,,99.254773,,96.32954,,56.477119
Argentina,2022,,98.9,,99.5,,96.3,,53.8
Bolivia,2011,38.888955,42.962221,95.483297,97.987261,81.167175,92.021824,26.022441,58.324822
Bolivia,2012,34.122283,48.323894,96.466965,98.376033,83.789959,94.513848,23.284293,58.329887
Bolivia,2013,38.219744,51.66923,96.436029,97.652123,86.680213,93.928006,27.440419,60.748917
Bolivia,2014,40.040856,51.691053,96.562768,97.764222,78.284191,91.614593,25.142152,54.884521
Bolivia,2015,,,96.73215,95.949904,83.756465,91.717692,25.516718,52.740482
Bolivia,2016,46.399669,61.746798,96.619723,98.239834,87.35124,94.677101,25.06756,57.786586
Bolivia,2017,47.436234,57.855679,98.156373,98.147335,93.423182,96.717668,,59.273425
Bolivia,2018,47.166474,59.330456,98.839582,98.921295,89.700358,97.324476,27.939962,62.826765
Bolivia,2019,52.31032,65.17585,98.24264,99.00343,87.1047,95.57072,23.68738,65.57506
Bolivia,2020,53.555259,61.830198,96.875257,98.378017,89.069286,96.669582,35.781696,59.202413
Bolivia,2021,59.060384,63.496144,99.239513,98.575826,93.261431,96.919812,34.984946,61.108591
Brazil,1995,18.81171,39.088686,81.184814,92.189082,59.34496,78.932728,17.443082,32.947084
Brazil,1996,18.995706,39.829398,81.826327,92.985171,61.652356,81.443829,18.776898,34.144446
Brazil,1997,24.770391,41.961145,85.974662,93.649793,69.10548,83.101399,19.638424,35.117964
Brazil,1998,25.28459,42.182996,89.360326,94.858636,73.516967,85.392828,24.809333,37.545599
Brazil,1999,27.179409,44.802606,91.802745,95.660421,77.046798,86.734265,27.172448,39.388947
Brazil,2001,28.932743,48.784373,93.160343,96.301367,79.456438,88.195447,28.393644,38.587312
Brazil,2002,29.378818,50.535356,93.624395,96.609157,80.879495,88.705017,28.670929,38.509475
Brazil,2003,31.030576,51.477809,93.697588,96.948103,81.856432,89.151274,29.163135,38.46078
Brazil,2004,33.130213,55.744023,94.005805,97.035497,80.221386,89.218613,27.841241,36.937942
Brazil,2005,34.735471,57.518157,94.792314,97.456024,81.003872,89.273734,27.442623,36.288103
Brazil,2006,39.035305,61.428933,95.540031,97.857787,81.950372,89.549998,27.728077,36.553658
Brazil,2007,43.248266,63.437487,96.34593,97.689446,83.662519,89.763086,26.957979,35.922569
Brazil,2008,45.622053,65.685583,96.987998,98.146649,85.857544,90.655064,26.113481,35.455037
Brazil,2009,50.109128,67.015444,97.212721,98.125695,87.594904,91.232916,27.123919,35.243383
Brazil,2011,51.559052,69.74022,97.779352,98.624431,88.063881,91.231004,25.960314,34.289739
Brazil,2012,83.15038,90.052038,98.062326,98.503227,88.958062,92.535973,25.198541,36.242171
Brazil,2013,84.059072,92.018014,98.24955,98.756887,90.065023,92.887165,25.92032,35.949377
Brazil,2014,88.670721,91.91672,98.651879,98.898085,90.451731,92.846323,25.852382,37.594845
Brazil,2015,87.126373,92.867635,98.879696,99.042894,90.473862,93.691639,25.320619,36.621812
Brazil,2016,92.688779,94.931332,99.158662,99.356921,91.178502,94.238313,23.890472,37.690659
Brazil,2017,93.740135,95.234854,99.31153,99.281726,91.417173,94.429672,23.91844,37.81883
Brazil,2018,94.839668,95.580319,99.053866,99.398526,92.045467,95.199287,23.961101,38.526149
Brazil,2019,93.561081,95.387461,99.346541,99.527442,91.844932,95.381429,24.565334,38.386974
Brazil,2020,84.61094,86.59728,99.21906,99.277777,94.27157,96.889436,25.64112,39.074891
Brazil,2021,80.320132,79.659077,98.572147,98.740545,95.696053,97.150836,27.354757,39.456886
Brazil,2022,94.825377,95.090093,99.08895,99.210548,93.75929,96.219896,23.077699,35.536962
Chile,1987,9.2588376,35.209943,91.992943,97.257849,65.5843,89.957252,8.5353076,32.69875
Chile,1990,10.387079,35.995091,92.43285,97.876566,63.14586,88.403159,10.859562,34.120085
Chile,1992,13.884672,38.044387,93.035314,98.140747,68.017012,89.910744,15.471765,39.094225
Chile,1996,17.984312,44.511255,94.169075,98.979311,77.11942,91.109333,20.020772,43.00999
Chile,1998,21.707049,45.97572,95.909082,98.916659,78.661422,91.118872,21.356152,43.821328
Chile,2000,23.518493,49.738015,96.65208,98.905647,82.598661,93.67821,23.60513,43.395724
Chile,2003,33.93996,55.147623,97.727563,99.271624,88.136483,95.122163,25.024349,46.352416
Chile,2006,43.305965,65.861286,98.164596,99.031782,90.919794,94.515068,27.886802,46.504237
Chile,2009,45.347233,69.23535,98.466353,99.172903,94.051945,95.629711,32.391381,48.028439
Chile,2011,58.473205,73.933032,99.073474,99.283682,94.974839,96.496144,33.79958,51.130449
Chile,2013,64.211098,78.38053,99.137772,99.477389,95.833882,96.234277,39.177708,56.950078
Chile,2015,68.925996,80.683725,99.441551,99.494051,96.604931,97.53398,47.695227,58.318809
Chile,2017,68.995504,80.106876,99.610316,98.886174,98.326118,97.733013,48.316134,59.411929
Chile,2020,60.206155,68.415414,88.794195,92.537958,89.315918,93.218781,55.104148,63.473557
Chile,2022,63.676728,76.089604,99.282955,99.255994,98.835864,98.721077,54.856019,63.311583
Colombia,2001,55.443884,79.574067,87.449067,95.247937,58.994866,84.245709,12.878101,30.484695
Colombia,2002,66.169681,80.934986,91.546198,95.863269,62.862402,82.66802,10.343065,30.882945
Colombia,2003,63.725107,82.150517,92.223745,95.898685,63.975327,85.12369,12.700437,31.817197
Colombia,2004,64.584327,82.361584,92.562736,96.520808,68.227645,85.847823,13.406958,31.87469
Colombia,2005,67.015703,82.590551,92.806598,97.52363,63.09009,87.940744,11.667308,34.162276
Colombia,2008,69.148099,85.134385,94.082134,97.447368,76.639444,88.662023,15.186021,38.132372
Colombia,2009,69.585358,84.108514,95.150651,96.79043,76.750876,88.791818,16.365621,36.532486
Colombia,2010,69.251415,85.802613,95.252145,97.05561,76.128232,89.15044,16.752509,37.834699
Colombia,2011,70.654081,86.080487,94.60063,97.042412,77.083426,88.818715,17.203949,37.270417
Colombia,2012,77.869874,90.193467,94.753125,97.194442,76.148546,88.782654,15.969708,37.368949
Colombia,2013,80.452539,91.834488,96.332087,97.54865,78.414975,89.46296,16.705866,39.658385
Colombia,2014,81.534125,91.489376,96.114807,97.451473,80.03548,89.45996,18.819224,39.949687
Colombia,2015,83.512443,91.160679,96.171135,97.49379,79.908462,89.725937,17.262028,40.252445
Colombia,2016,80.703067,91.082035,96.873523,97.593391,81.023385,90.380188,17.800494,40.478036
Colombia,2017,80.622047,91.597231,96.58445,97.631893,80.690802,90.448301,17.914759,39.692273
Colombia,2018,82.918935,90.746769,96.970009,97.188616,82.793651,90.260684,16.409429,39.52979
Colombia,2019,78.508331,88.864424,96.239952,96.615857,81.779136,90.747277,17.621613,38.859108
Colombia,2020,78.03373,84.241551,96.617779,96.034886,84.117241,91.280148,16.225802,37.608367
Colombia,2021,72.999213,81.676344,95.86789,95.332893,84.495053,90.782837,18.794136,37.894795
Colombia,2021,73.172222,81.986553,95.997804,95.5768,85.454341,91.650411,24.185035,47.765169
Colombia,2022,76.354228,86.520168,95.63955,96.039047,84.128788,91.991764,22.589546,50.115333
Costa Rica,2006,28.071887,34.342019,98.020211,98.844693,71.478554,86.067016,31.151815,51.943292
Costa Rica,2007,26.782884,38.106248,97.788104,99.365879,74.385496,87.694756,32.188767,50.209595
Costa Rica,2008,31.121882,40.285446,98.403507,99.251354,77.251012,88.541426,33.741197,53.089923
Costa Rica,2009,35.334306,38.066457,98.652478,99.286231,80.809451,88.518979,37.65099,55.099229
Costa Rica,2010,28.682877,39.165231,98.218152,99.542495,78.826074,89.075537,39.236208,52.684358
Costa Rica,2011,29.189405,39.261865,98.648274,99.531727,79.867006,89.813082,38.727343,56.911564
Costa Rica,2012,30.615936,42.463583,98.429849,99.081409,81.285634,90.184689,40.456949,57.852229
Costa Rica,2013,35.011745,48.340858,97.897572,99.743128,84.31795,91.218862,43.124409,57.91905
Costa Rica,2014,34.567557,46.589426,98.853664,99.422085,84.830102,93.348359,42.423058,57.97243
Costa Rica,2015,29.139239,44.379129,98.296633,99.495989,85.530319,91.063525,43.167358,56.051669
Costa Rica,2016,37.313193,46.217039,98.540755,99.395383,85.19883,91.831651,43.834682,57.173283
Costa Rica,2017,43.838987,49.982056,98.802776,99.195483,88.493743,93.208415,48.159712,56.887916
Costa Rica,2018,50.646027,63.561386,99.214569,99.657039,89.197223,93.166617,47.823001,56.795251
Costa Rica,2019,55.600144,65.258609,99.409569,99.588441,92.15853,95.559835,50.209049,58.867852
Costa Rica,2020,54.783819,57.599575,99.380486,99.441123,95.522001,97.250655,51.351312,58.981722
Costa Rica,2021,53.418575,57.519431,99.49862,99.585158,96.326799,97.567945,52.734287,59.524414
Costa Rica,2022,54.003018,65.391366,99.370593,99.654525,95.630828,98.232855,45.053673,56.864669
Costa Rica,2023,54.612101,58.894266,99.099957,99.655104,94.685332,96.9457,45.389622,56.84943
Dominican Rep.,2000,38.093507,62.813665,94.555749,97.085674,88.136352,91.735039,35.959699,53.226831
Dominican Rep.,2001,47.025624,63.742106,95.414207,96.772249,87.728887,91.91342,35.053535,51.343223
Dominican Rep.,2002,58.430535,72.277092,95.306001,97.059596,85.813414,93.298798,38.237059,54.115785
Dominican Rep.,2003,62.23645,69.343366,95.877411,97.065771,88.025519,93.868024,39.163692,50.762967
Dominican Rep.,2004,62.903379,72.451025,97.986311,97.143509,89.968563,92.8183,40.043649,53.793485
Dominican Rep.,2005,65.645805,73.000835,97.650338,97.283689,89.129591,92.588798,37.293987,52.702813
Dominican Rep.,2006,63.071144,69.528606,97.642157,97.566058,89.548518,91.460117,40.296099,52.729794
Dominican Rep.,2007,53.950949,67.345344,97.556255,97.075413,89.809673,93.579403,41.737401,53.399793
Dominican Rep.,2008,61.09205,65.927316,96.554506,97.34712,89.192443,93.150563,34.303908,53.975533
Dominican Rep.,2009,53.477887,71.290663,96.931865,98.343976,89.785791,92.556115,35.651558,50.772124
Dominican Rep.,2010,58.565191,69.788798,96.798346,96.769277,90.129845,91.770246,36.240347,54.865639
Dominican Rep.,2011,62.400249,67.341506,97.920261,97.269,89.581389,92.17858,38.627509,53.716339
Dominican Rep.,2012,62.095691,65.325422,98.097112,97.209065,90.175084,93.853896,34.718897,48.308687
Dominican Rep.,2013,62.198933,69.361066,97.641174,98.054458,91.738132,94.737332,36.838889,49.109423
Dominican Rep.,2014,59.599706,67.009979,97.301474,97.260928,91.897254,94.160423,35.940625,51.84221
Dominican Rep.,2015,51.728342,67.915505,97.651266,98.110247,89.877321,94.071943,36.422034,52.309015
Dominican Rep.,2016,64.633359,68.881232,98.127037,97.111477,91.585843,92.813278,40.11429,49.187859
Ecuador,2006,40.286953,58.404115,96.162758,98.259357,61.5983,83.773336,20.236381,40.155396
Ecuador,2003,64.125843,84.801246,94.289942,96.374263,54.758337,79.163867,17.437475,39.500215
Ecuador,2004,66.711851,88.271749,94.756785,97.049504,58.882524,82.211889,20.228093,42.713472
Ecuador,2005,64.720153,85.544826,94.440008,96.634089,61.997057,82.268933,20.357647,41.886141
Ecuador,2006,77.09615,90.57397,96.42619,97.1764,64.08043,84.46251,22.9489,43.41164
Ecuador,2007,72.96553,91.33611,96.26573,97.52918,65.22027,86.63257,23.29687,46.0223
Ecuador,2008,79.60189,92.79891,97.24011,98.13346,70.03342,88.05753,26.88345,48.99547
Ecuador,2009,82.61454,92.71979,97.46266,98.45339,72.4686,87.8351,29.91162,49.27035
Ecuador,2010,82.78408,94.20812,97.55923,99.14992,77.19134,91.92417,30.41669,50.75892
Ecuador,2011,87.37586,95.72736,98.2845,99.0138,79.31284,91.05547,35.01758,50.13456
Ecuador,2012,87.43693,95.97751,98.63328,98.69822,82.46276,92.91172,34.08264,49.0926
Ecuador,2013,89.99686,95.56731,98.5997,99.248,84.91977,92.69021,31.42832,46.75911
Ecuador,2014,93.14462,95.87267,98.92081,99.3581,85.5443,92.36326,26.4518,40.17357
Ecuador,2015,91.46338,92.57884,99.07805,98.925,86.06143,93.56906,24.1197,41.97445
Ecuador,2016,89.07959,92.63164,98.76496,99.11678,87.75059,93.62929,24.80823,42.46715
Ecuador,2017,87.78608,90.63511,98.89964,98.9967,85.06003,93.61502,25.89149,41.23296
Ecuador,2018,84.34771,90.30251,98.88061,98.33814,88.3122,94.08182,31.07633,46.73444
Ecuador,2019,86.08093,86.50602,99.31716,98.16017,88.45159,92.24989,29.83566,47.26619
Ecuador,2020,87.345251,84.156776,98.681952,97.208666,88.030364,91.984913,31.241574,44.618671
Ecuador,2021,86.114602,76.974737,98.060855,98.844579,89.137999,93.825378,30.923187,43.577049
Ecuador,2022,74.35124,83.87502,99.24182,99.27413,92.45934,95.17678,28.38103,45.82969
Ecuador,2023,78.688438,84.802385,99.04159,98.480407,86.938261,90.234465,26.903417,43.881246
El Salvador,2000,26.943823,49.944802,80.649561,91.532167,58.556032,80.938051,13.633149,34.300921
El Salvador,2001,23.114812,41.589321,79.766879,90.06546,60.758428,82.601209,14.050123,34.483175
El Salvador,2002,26.100041,47.181976,82.68368,92.589804,62.033984,83.835303,13.97274,35.463089
El Salvador,2003,28.060206,50.80334,83.819474,91.728944,60.930458,81.761107,13.198612,33.832358
El Salvador,2004,31.438238,48.730562,86.527341,93.019253,63.96918,84.103409,14.275072,34.020774
El Salvador,2005,29.324258,51.077116,87.765601,93.804293,63.087057,84.307524,14.155527,36.099486
El Salvador,2006,33.15129,55.126128,88.226313,95.155326,62.131289,84.941369,15.34745,34.727997
El Salvador,2007,33.98044,52.445368,89.990485,94.282437,66.193261,84.880224,15.986432,36.404872
El Salvador,2008,33.185069,51.245054,89.902437,94.014647,66.930379,85.69087,15.704193,36.870159
El Salvador,2009,33.121937,50.81316,90.99199,95.646741,67.428455,85.951926,15.415818,36.445849
El Salvador,2010,42.909703,56.216486,94.038473,95.647514,68.490848,86.57447,16.500283,36.722356
El Salvador,2011,42.535147,54.761473,94.706672,96.28237,70.572539,87.222383,15.768902,36.663418
El Salvador,2012,42.746169,60.05528,94.601245,96.761542,69.426979,87.61021,16.209184,39.191753
El Salvador,2013,45.665969,61.781222,94.639639,96.718154,70.275302,87.131769,16.767229,41.045362
El Salvador,2014,45.111963,62.478153,94.271258,96.74929,70.471826,87.509933,16.060314,37.933574
El Salvador,2015,43.26175,62.929345,94.760079,96.746418,69.661194,86.995591,16.073712,38.670051
El Salvador,2016,42.031507,59.210983,95.012089,96.475595,67.698258,87.984896,16.363602,39.418106
El Salvador,2017,41.332475,61.718813,94.39459,97.005132,69.301007,87.779539,16.021394,38.948837
El Salvador,2018,44.245108,61.627268,94.788199,97.852388,71.553504,88.433683,17.049347,39.411756
El Salvador,2019,45.738534,59.234661,94.372563,97.325971,72.86024,88.194371,17.82374,37.915422
El Salvador,2020,39.242326,59.700254,93.558645,94.779608,75.37948,89.959247,19.645608,38.071176
El Salvador,2021,41.891414,49.062884,93.760149,94.628116,72.392658,88.854916,16.257635,35.468289
El Salvador,2022,45.45245,56.65582,95.63651,96.66434,76.2029,89.22572,16.25735,37.81617
El Salvador,2023,60.98093,65.23214,97.16757,97.45652,80.82668,92.4446,17.49777,38.71849
Guatemala,2000,6.4432936,19.706511,72.054805,85.623162,43.449371,71.56656,10.366452,34.12537
Guatemala,2006,11.44507,27.082004,83.061053,90.332301,54.146749,74.95879,12.464282,30.930775
Guatemala,2011,18.912905,30.807768,90.388572,94.099408,60.500698,80.062557,15.243736,32.979837
Guatemala,2014,9.3048671,20.279896,82.928524,89.7636,59.375175,75.649415,13.28715,26.98549
Honduras,2001,,,88.571835,94.72678,46.325075,70.384554,10.406445,34.245912
Honduras,2002,,,85.419759,93.379534,43.077365,70.664811,7.8798958,35.13593
Honduras,2003,,,,,45.535234,75.760051,10.019326,37.894407
Honduras,2004,,,90.602635,96.221359,51.470752,77.362519,11.307302,39.126697
Honduras,2005,,,91.637537,95.93985,50.271985,79.498101,13.523914,39.334542
Honduras,2006,,,91.396732,95.247064,52.691397,78.85448,12.829736,40.154855
Honduras,2007,,,90.563223,95.332443,51.859504,79.304378,14.024995,40.694841
Honduras,2008,,,92.789519,94.256275,53.643932,77.867049,14.331665,39.397997
Honduras,2009,,,93.475096,96.266847,52.630739,78.884972,15.126447,40.914877
Honduras,2010,,,93.882313,95.860613,52.717206,80.676838,13.467352,44.469435
Honduras,2011,,,93.489505,95.335948,53.819528,77.622847,15.136485,42.007681
Honduras,2012,,,93.916367,96.567258,52.35498,80.681032,13.739392,41.774697
Honduras,2013,,,93.681117,97.709105,47.413096,79.834216,17.582418,39.893653
Honduras,2014,,,95.027194,95.673701,44.700474,71.645872,9.1823321,35.119848
Honduras,2015,,,95.58716,95.241661,47.487402,76.783968,10.286425,37.450536
Honduras,2016,,,93.825817,95.452739,47.440565,76.758283,13.613444,35.039833
Honduras,2017,,,93.625088,95.944744,46.387005,77.121263,10.539047,35.012661
Honduras,2018,,,92.376579,93.910538,49.898915,74.955388,10.461918,38.225554
Honduras,2019,,,93.974549,96.651062,50.616492,79.469528,13.445616,38.063664
Mexico,1992,,,89.073285,95.937703,45.98511,70.463446,7.9893922,30.849463
Mexico,1994,,,93.202867,96.611804,47.480562,71.62864,7.6558429,29.724738
Mexico,1996,,,94.828138,97.342928,49.939168,74.803636,7.5482284,32.382001
Mexico,1998,,,94.838723,96.802876,52.976408,74.273368,8.4226476,33.713505
Mexico,2000,,,95.407924,97.206831,56.786618,78.108928,12.181019,38.16208
Mexico,2002,,,96.642484,97.907621,64.409584,78.631481,13.299432,40.293204
Mexico,2004,,,98.40917,98.231863,68.093307,77.672162,19.418141,37.134726
Mexico,2005,,,97.099399,98.365827,69.032172,77.670497,22.754638,39.727978
Mexico,2006,,,97.983231,97.999382,70.031568,79.380286,17.569511,39.144843
Mexico,2008,66.320608,70.85868,97.347586,98.559617,67.180332,79.661934,17.043095,39.449925
Mexico,2010,72.325973,71.76239,96.730168,98.793316,66.799169,80.120459,19.651607,42.608324
Mexico,2012,74.610473,73.972802,98.410624,99.140055,71.527207,80.998413,20.579923,42.92666
Mexico,2014,72.764101,71.472954,98.068111,99.298075,72.406536,85.075236,19.427922,44.77413
Mexico,2016,77.343524,77.889483,98.643343,99.225074,74.749872,84.991368,19.977212,43.040303
Mexico,2018,75.757059,76.20261,98.359109,98.861781,72.377294,85.170396,21.026467,45.859068
Mexico,2020,74.696585,72.253544,98.077558,98.569311,73.458142,84.620174,23.070673,47.183258
Mexico,2022,78.054349,75.210103,97.113947,98.128494,71.483578,85.556809,22.651992,47.275979
Nicaragua,1993,10.277642,36.888974,61.698287,83.162111,37.978321,73.744768,10.207547,30.933879
Nicaragua,1998,25.315342,44.846308,77.278848,90.525496,42.035018,75.724534,13.042436,38.274626
Nicaragua,2001,29.654088,44.460879,80.042644,91.808048,52.474163,79.152109,13.519556,41.097379
Nicaragua,2005,27.365041,37.725477,84.17043,93.346274,59.157954,79.581909,18.921546,35.311461
Nicaragua,2009,27.260112,38.028309,81.467382,92.304907,53.059776,75.334355,17.255431,39.14896
Nicaragua,2014,37.065915,44.186662,87.982926,95.693734,64.605778,82.094152,19.622086,41.107767
Panama,1991,29.024755,63.641277,91.693838,98.219504,59.261266,88.613647,15.770096,44.747712
Panama,1995,32.563017,70.843061,94.41552,98.403736,61.827842,87.908284,16.097757,41.322586
Panama,1997,42.204934,77.698976,95.336186,98.28368,66.502319,89.421181,18.970354,42.330298
Panama,1998,46.185018,71.360808,95.079136,98.666399,67.173458,88.437265,20.037198,43.285563
Panama,1999,51.345351,76.264479,95.572054,98.333155,70.097338,88.240472,20.754129,46.292385
Panama,2000,56.070601,81.003779,96.373203,98.619372,72.028998,89.200971,24.23259,46.774939
Panama,2001,52.18678,73.320499,91.89849,98.015004,64.747574,88.780909,17.327781,44.577874
Panama,2002,48.259782,70.70683,93.519403,98.674505,65.397705,89.481575,17.574001,45.633635
Panama,2003,54.692052,79.788584,93.959654,98.693907,67.398014,90.896953,20.110135,47.391089
Panama,2004,53.612692,76.3062,95.674588,98.691925,69.809202,91.517884,22.267721,46.472746
Panama,2005,57.769556,79.488269,95.463275,99.039752,71.324615,90.354839,22.572191,45.32405
Panama,2006,67.562131,81.117455,95.729943,98.808313,71.806635,90.285693,22.0277,46.719162
Panama,2007,67.856901,79.658442,96.519508,99.251291,73.56494,90.309242,23.284181,43.986648
Panama,2008,69.628041,85.390422,97.508738,99.43447,73.120548,90.844975,23.894144,43.639674
Panama,2009,71.638389,87.809172,97.313323,99.333032,76.057104,92.525296,24.069618,44.809536
Panama,2010,55.569335,63.96222,97.894468,99.64864,77.677492,91.930104,24.909099,42.284905
Panama,2011,53.604806,65.503486,97.802806,99.075319,78.722203,91.514424,26.279203,43.554765
Panama,2012,55.65421,69.608905,97.763458,99.166565,79.277008,92.448711,24.897401,46.301648
Panama,2013,56.335392,69.578937,97.848337,99.440027,82.189371,91.177492,22.948285,45.560021
Panama,2014,54.308063,72.92393,96.562496,98.788415,83.068504,91.656469,27.552702,45.28268
Panama,2015,54.28786,68.375126,97.730094,99.294698,84.217185,92.573292,27.89673,46.757847
Panama,2016,55.196293,68.958165,97.853908,99.507278,82.07568,93.501519,27.695721,49.447058
Panama,2017,57.238203,67.271457,95.126165,99.419786,84.299802,93.894537,31.131459,49.586054
Panama,2018,58.617686,66.043474,97.931743,99.449668,82.573403,94.567859,31.20793,48.547999
Panama,2019,58.353917,68.530331,96.382052,99.549437,84.798837,96.116331,31.319844,50.72768
Panama,2021,44.487383,53.865435,97.149406,98.785478,88.95765,96.52798,34.64326,55.649623
Panama,2023,50.66555,66.347825,97.675994,99.327532,88.357741,97.255372,35.070639,55.019317
Paraguay,1995,5.2288692,14.802233,85.151998,93.723339,49.242496,73.605903,11.024014,30.646177
Paraguay,1997,11.57106,19.378204,92.474219,95.182046,57.3062,78.748687,12.110666,29.619401
Paraguay,1999,13.421223,16.174863,91.325892,96.596559,60.66718,81.610607,16.447853,37.299763
Paraguay,2001,,,92.00658,97.181942,61.242386,83.067463,17.473747,38.609566
Paraguay,2002,,,92.555676,95.240821,60.48658,82.669139,16.690949,31.033727
Paraguay,2003,,,91.864957,96.753961,66.101501,84.487039,22.204689,41.617583
Paraguay,2004,,,93.980369,97.195528,66.672059,85.714405,20.782638,35.797963
Paraguay,2005,,,93.934669,96.960139,66.579682,87.330317,22.054974,39.333191
Paraguay,2006,,,93.276587,96.961303,72.0028,86.268932,20.574806,41.042717
Paraguay,2007,,,94.25336,97.355805,69.367068,85.894337,20.602902,39.469142
Paraguay,2008,,,95.780363,98.0072,67.148283,88.029202,19.26869,42.979823
Paraguay,2009,,,95.434598,98.395583,69.193419,88.716736,20.796151,42.815371
Paraguay,2010,,,96.289299,98.798223,71.306543,85.366251,24.46064,39.945696
Paraguay,2011,,,96.824877,98.530124,75.496697,88.834746,20.836276,49.782549
Paraguay,2012,,,98.421792,97.723138,77.691318,88.137379,24.891949,48.897349
Paraguay,2013,,,98.366738,98.716004,78.675702,90.365244,25.664117,50.758539
Paraguay,2014,,,97.527737,98.640872,78.936695,89.803808,25.374944,49.987218
Paraguay,2015,,,97.360229,99.396632,78.568812,90.784043,29.658802,47.926338
Paraguay,2016,,,97.964977,98.396024,80.519916,88.196863,24.749554,45.895233
Paraguay,2017,,,97.582571,99.181596,80.124642,88.516968,25.260569,43.520781
Paraguay,2018,,,98.421794,98.072488,81.622288,89.240119,25.25673,43.7011
Paraguay,2019,,,98.566962,99.432048,84.113653,91.644474,27.57659,44.135832
Paraguay,2020,66.803504,90.589009,98.282056,98.898591,84.889486,89.952626,27.278124,42.672749
Paraguay,2021,78.527678,87.852227,98.224672,99.582337,82.781283,91.793282,25.710957,46.629902
Paraguay,2022,86.57678,90.25931,98.64338,99.01284,82.78029,94.013,29.9412,44.56485
Paraguay,2023,66.89849,75.34464,99.23036,99.58383,87.06567,94.49442,30.27151,45.93763
Peru,1997,38.863291,53.243558,90.303161,97.369901,68.89002,88.057521,21.388169,40.979017
Peru,1998,44.502305,57.219797,94.481098,96.548786,70.396364,89.30768,20.739786,43.499383
Peru,1999,49.233249,60.101799,93.871121,98.24425,70.055382,89.309553,20.811478,39.876042
Peru,2000,45.611824,53.852746,96.577205,99.064329,72.173027,90.645621,23.9534,38.254772
Peru,2001,44.748367,60.092799,94.744196,98.22024,76.09793,89.784041,24.582783,40.183381
Peru,2002,44.651112,59.812016,94.975441,98.81285,76.981058,92.235062,24.329936,40.453856
Peru,2003,38.170488,64.586631,94.965379,98.293084,72.379844,91.831216,20.443562,45.67798
Peru,2003,47.801362,69.134983,95.623463,98.900759,74.477196,92.434217,21.847936,44.20236
Peru,2004,51.569507,77.431689,95.013706,97.724771,76.015058,92.49767,24.97552,43.969267
Peru,2005,54.181151,73.725765,96.291614,96.955682,76.367994,90.674026,24.76039,42.603382
Peru,2006,53.111456,75.540065,96.319938,98.649658,78.79005,93.010333,22.227609,44.655038
Peru,2007,57.658354,77.753344,96.906891,99.124226,80.919855,92.811199,25.210988,47.022751
Peru,2008,60.993413,79.089277,97.019974,98.935276,82.540218,92.913635,24.996416,47.925031
Peru,2009,61.050461,79.188584,97.869213,99.013015,83.639702,93.380174,28.119184,48.548215
Peru,2010,65.584346,80.249668,97.985536,98.784628,86.298213,94.625607,27.868233,49.854117
Peru,2011,63.8068,79.847017,98.452306,98.920221,86.99142,94.175161,30.132749,51.140748
Peru,2012,67.293558,78.073952,97.707149,99.10182,87.005086,95.016105,30.44146,53.787099
Peru,2013,72.41287,80.558745,98.381084,99.187593,88.612878,94.937438,34.894621,52.904379
Peru,2014,75.380429,80.182876,98.440539,99.401835,89.602798,95.241512,36.658379,52.480019
Peru,2015,79.415768,78.496492,98.771379,98.918362,91.08782,95.285259,34.73014,52.976603
Peru,2016,80.816723,81.450683,98.841241,99.207214,90.792681,96.34988,37.536859,54.450299
Peru,2017,81.239406,83.487416,99.153218,99.451503,93.508226,96.090815,38.132929,55.204684
Peru,2018,81.882546,84.321821,99.316146,99.585374,93.755969,96.93738,37.852126,57.83768
Peru,2019,82.568385,85.14486,99.055134,98.962049,93.66222,97.250234,38.814541,57.025557
Peru,2020,82.178634,74.563951,98.679623,97.769304,94.76341,95.956773,37.985159,47.59256
Peru,2021,79.797935,76.96841,99.068224,97.75959,93.110235,96.294248,35.967435,51.760286
Peru,2022,84.374005,78.738894,99.210035,99.078823,94.086904,97.1258,35.859877,53.020283
Uruguay,2006,47.7,74.8,98.5,99.5,67.4,83.3,23.4,42.7
Uruguay,2007,50.8,76.1,98.4,99.7,68.1,82.2,25.6,41.4
Uruguay,2008,54.5,78.2,97,99,66.5,83.2,24.9,42.3
Uruguay,2009,66.6,75,98,98.8,67.8,84.8,23.8,41.9
Uruguay,2010,63.2,75.6,98.7,98.9,72.8,83.4,28.1,39.9
Uruguay,2011,64.5,82.8,97.1,98.4,70.7,85.2,32.3,41.6
Uruguay,2012,64.7,85.2,98.3,99.2,74.9,85.7,32.6,41
Uruguay,2013,66,84.1,98,99.2,72.6,85.6,35,41.1
Uruguay,2014,72.7,86.3,99.3,99.2,76.3,86.4,30.2,41.5
Uruguay,2015,74.9,86,99.1,99.3,81.2,87.6,34.4,43.4
Uruguay,2016,73.8,89.1,99.4,99.3,81.7,88.8,34.4,43.9
Uruguay,2017,78.9,88.7,99.4,99.4,84.6,90.4,39.7,47.3
Uruguay,2018,75.6,89.6,99.6,99.4,87.5,90.9,36.3,47.4
Uruguay,2019,76.1,90.2,98.5,99.2,88.7,92.8,42.1,49.1
Venezuela,1989,35.42221,38.485894,91.427498,94.979114,73.787208,79.676861,27.936677,39.788255
Venezuela,1992,41.014362,46.663857,94.227289,96.261088,76.772204,81.043784,30.001565,44.887046
Venezuela,1995,50.460824,55.592976,95.907613,96.369408,77.257674,86.922382,31.745241,49.134261
Venezuela,1997,51.191365,63.809089,95.925204,97.469868,77.226857,85.26802,33.635172,50.517295
Venezuela,1998,48.763656,68.362832,95.491776,97.33143,76.77044,86.380248,33.185911,47.534163
Venezuela,1999,54.396568,69.645862,96.291421,98.341569,77.062466,82.241759,37.881297,44.654117
Venezuela,2000,53.690245,69.910812,96.26162,97.774536,78.792255,84.37581,38.845588,41.828861
Venezuela,2001,57.248072,60.168398,96.725613,97.412396,80.252344,82.231533,40.566133,37.327696
Venezuela,2002,57.786994,69.997049,96.058876,97.668202,79.851018,84.365118,40.094431,42.848019
Venezuela,2003,56.60576,60.833514,95.901079,96.643716,79.786064,84.584895,39.257748,46.684779
